id,first_name,last_name,gender,favorite_color,tshirt_size,birthday,pet,mother_name,father_name,zip_code
1,Daniel,Burton,Male,Pink,L,04/05/2004,Jerry,Martin,Philip,
2,Katherine,Scott,Female,Orange,3XL,07/12/2011,Kimberly,Elizabeth,Evelyn,
3,Tammy,Sanchez,Female,Goldenrod,L,05/08/2013,Catherine,Christina,Marilyn,
4,Anthony,Burton,Male,Yellow,S,12/03/2003,Steven,Nicholas,David,
5,Deborah,Kim,Female,Puce,M,05/03/2012,Katherine,Susan,Teresa,87785
6,Sarah,Howard,Female,Indigo,L,04/12/2009,Christine,Julia,Judith,
7,James,Holmes,Male,Pink,XL,11/17/2002,Frank,Raymond,Ryan,
8,Nicole,Gonzales,Female,Green,XS,12/04/2005,Nancy,Denise,Mildred,
9,Amanda,Gomez,Female,Mauv,XS,07/05/2000,Amy,Deborah,Kathy,
10,Charles,Gomez,Male,Violet,XS,06/25/2000,Terry,Roy,Alan,92907 CEDEX
11,David,Howard,Male,Pink,S,08/31/2002,William,Raymond,Phillip,
12,Janet,Owens,Female,Orange,XL,02/15/2003,Rose,Amy,Heather,
13,Rose,Adams,Female,Teal,XS,12/23/2015,Julie,Karen,Virginia,
14,Catherine,Porter,Female,Turquoise,S,01/11/2014,Andrea,Lillian,Gloria,
15,Donald,Dunn,Male,Red,M,06/01/2008,Billy,Gerald,Charles,
16,Helen,Castillo,Female,Crimson,L,03/23/2012,Amanda,Joan,Alice,68704 CEDEX
17,Shawn,Bowman,Male,Violet,L,10/10/2003,Aaron,John,Scott,
18,Joan,Gordon,Female,Fuscia,2XL,04/18/2013,Sarah,Karen,Judith,
19,Carolyn,Wheeler,Female,Mauv,L,06/02/2008,Jean,Frances,Sharon,
20,Keith,Hill,Male,Pink,S,01/28/2004,Scott,Benjamin,Alan,
21,Patricia,Gordon,Female,Green,M,08/05/2015,Melissa,Gloria,Sarah,
22,Randy,Freeman,Male,Teal,XL,09/20/2011,Douglas,Nicholas,Samuel,
23,Aaron,Andrews,Male,Red,L,01/15/2003,Russell,Charles,Mark,
24,Larry,Reed,Male,Violet,S,05/20/2011,Justin,Eric,Todd,
25,Phyllis,Roberts,Female,Orange,2XL,06/17/2010,Irene,Dorothy,Sandra,932 33
26,Harold,Wagner,Male,Orange,XL,03/21/2004,Jimmy,Jimmy,Albert,
27,Dennis,West,Male,Maroon,M,11/18/2007,Keith,Richard,Jason,
28,Philip,Torres,Male,Aquamarine,XL,10/26/2007,Willie,Daniel,Brian,
29,Amy,Howard,Female,Fuscia,XL,06/29/2015,Jane,Mildred,Mary,
30,Douglas,Crawford,Male,Khaki,XL,09/02/2014,Jason,Jonathan,Earl,
31,Judith,Arnold,Female,Maroon,2XL,04/10/2014,Janice,Sandra,Kelly,
32,Eugene,West,Male,Fuscia,M,01/09/2001,Gregory,Carl,Mark,
33,Billy,Garza,Male,Red,XL,11/05/2010,Raymond,Carlos,Brandon,
34,Carlos,Black,Male,Fuscia,2XL,11/07/2016,Charles,Jeffrey,Ernest,
35,Roy,Armstrong,Male,Green,L,01/13/2014,Jose,Timothy,Nicholas,
36,Paul,Henry,Male,Fuscia,L,11/19/2014,Andrew,Harry,Carlos,
37,Helen,Burton,Female,Yellow,M,10/27/2015,Gloria,Ann,Margaret,
38,Anthony,Lopez,Male,Purple,XS,02/12/2003,Richard,Michael,Sean,822 30
39,Jesse,Campbell,Male,Green,XL,12/09/2002,Alan,Jeffrey,Stephen,
40,Robert,Knight,Male,Red,L,06/15/2000,Lawrence,George,George,2840-284
41,Aaron,Reed,Male,Turquoise,XS,12/14/2011,Carlos,Louis,Jose,
42,Michelle,Howell,Female,Pink,S,03/12/2010,Tina,Kimberly,Sharon,
43,Walter,Moore,Male,Indigo,L,07/11/2003,Edward,Jonathan,David,
44,Sharon,Morgan,Female,Puce,M,03/28/2013,Emily,Susan,Heather,
45,Louis,Lee,Male,Orange,3XL,05/31/2014,Philip,Russell,Jonathan,
46,Diane,Dunn,Female,Pink,S,10/14/2007,Joan,Lisa,Tammy,
47,Janice,Ramirez,Female,Fuscia,2XL,09/04/2007,Carolyn,Frances,Martha,
48,Dennis,Palmer,Male,Red,S,04/30/2007,Todd,Alan,Richard,
49,Mark,Burton,Male,Violet,2XL,12/26/2012,Daniel,Nicholas,Benjamin,22041
50,Beverly,Vasquez,Female,Puce,XL,10/27/2006,Janet,Julie,Ruth,
51,Judy,Castillo,Female,Turquoise,L,06/19/2014,Judy,Martha,Marie,
52,Samuel,Willis,Male,Violet,2XL,02/11/2010,Robert,Ryan,Larry,
53,Scott,Hicks,Male,Maroon,S,03/27/2009,Scott,Howard,George,
54,Kathleen,Dunn,Female,Violet,2XL,11/28/2001,Virginia,Denise,Jacqueline,
55,Kathy,Stanley,Female,Blue,M,04/18/2008,Annie,Margaret,Alice,
56,Justin,Payne,Male,Pink,S,11/20/2012,Kevin,Jimmy,Lawrence,
57,Aaron,Day,Male,Fuscia,M,01/15/2008,Kevin,Richard,Russell,431 49
58,Harry,Griffin,Male,Aquamarine,L,11/27/2006,Scott,Howard,Jack,
59,Louis,Hayes,Male,Purple,XL,04/23/2008,Jeffrey,Brandon,Martin,14609
60,Lawrence,Wood,Male,Fuscia,L,02/07/2012,Harry,Carl,Peter,
61,Kimberly,Morales,Female,Goldenrod,M,04/26/2010,Stephanie,Jacqueline,Betty,
62,Louis,Carter,Male,Turquoise,XL,08/22/2002,Russell,Andrew,Sean,
63,Amy,Rivera,Female,Teal,XS,06/19/2008,Angela,Julie,Kelly,30175
64,Julia,Berry,Female,Maroon,S,02/21/2010,Barbara,Kimberly,Julia,4710-627
65,Albert,Bryant,Male,Green,M,08/10/2007,Charles,Peter,Eric,
66,Albert,Garza,Male,Pink,M,08/05/2005,Jack,Earl,Alan,143 31
67,Frank,Kennedy,Male,Purple,M,05/07/2010,Joe,Ralph,Roy,
68,Kathryn,Garrett,Female,Orange,XL,11/24/2010,Karen,Nancy,Ann,
69,Charles,Graham,Male,Yellow,S,10/13/2010,Victor,Albert,Adam,
70,Ruth,Carter,Female,Orange,3XL,08/23/2016,Phyllis,Nancy,Martha,
71,Janice,Sanchez,Female,Crimson,L,04/05/2004,Rebecca,Stephanie,Maria,40070
72,Ryan,Williamson,Male,Turquoise,XL,11/22/2010,Philip,Phillip,Benjamin,
73,Jennifer,Davis,Female,Pink,XS,10/18/2009,Anna,Christina,Virginia,
74,Dennis,Lawson,Male,Aquamarine,2XL,10/26/2013,Timothy,Steve,Clarence,
75,Albert,Robinson,Male,Orange,M,02/13/2003,Joseph,Anthony,Joseph,
76,Elizabeth,Palmer,Female,Indigo,2XL,08/20/2000,Kelly,Bonnie,Judy,
77,Victor,White,Male,Teal,XS,03/12/2012,Arthur,Matthew,Timothy,
78,Mildred,Washington,Female,Orange,XL,08/09/2009,Rose,Christine,Ashley,
79,Andrea,Perez,Female,Teal,XS,07/07/2010,Emily,Cynthia,Sandra,
80,Helen,Nelson,Female,Khaki,L,05/06/2008,Tammy,Jacqueline,Sarah,
81,Henry,Brown,Male,Red,L,04/26/2009,Arthur,Carl,Kevin,67210
82,Chris,Nelson,Male,Purple,3XL,06/16/2010,Brandon,Carl,Samuel,
83,Maria,Vasquez,Female,Puce,M,05/01/2014,Amanda,Marilyn,Heather,
84,Jacqueline,Lynch,Female,Maroon,S,12/12/2010,Jean,Nicole,Martha,
85,Scott,Hamilton,Male,Purple,XL,06/14/2009,Ralph,Kenneth,Philip,
86,Wayne,Bishop,Male,Purple,3XL,10/05/2006,Johnny,Joe,William,
87,Carl,Watkins,Male,Purple,3XL,12/07/2003,Joseph,Paul,Carlos,
88,Lillian,Jenkins,Female,Violet,S,12/18/2004,Mary,Jane,Brenda,
89,Timothy,Chapman,Male,Pink,M,06/19/2003,Gary,Ralph,Christopher,
90,Terry,Young,Male,Maroon,3XL,09/15/2004,Kenneth,Daniel,Joe,30904 CEDEX 9
91,Christina,Warren,Female,Crimson,XL,04/29/2011,Marie,Nancy,Sharon,
92,Beverly,Russell,Female,Crimson,XS,12/22/2013,Lori,Nancy,Louise,
93,Ronald,Reid,Male,Mauv,L,07/14/2008,Jeffrey,Jerry,Jesse,25362
94,Rose,Grant,Female,Fuscia,2XL,01/09/2005,Denise,Lisa,Marilyn,
95,Julia,Kennedy,Female,Fuscia,3XL,11/10/2009,Sara,Cynthia,Mildred,
96,William,Anderson,Male,Khaki,L,10/20/2001,Benjamin,Willie,Charles,
97,Deborah,Reyes,Female,Crimson,L,08/10/2015,Robin,Marie,Laura,
98,Jimmy,Graham,Male,Puce,2XL,12/28/2011,Lawrence,Christopher,Antonio,
99,Donna,Holmes,Female,Goldenrod,M,04/14/2009,Cheryl,Jean,Linda,
100,Johnny,Miller,Male,Maroon,XS,04/21/2004,Clarence,Eric,David,
101,Susan,Richards,Female,Aquamarine,3XL,02/02/2013,Beverly,Annie,Sandra,
102,Craig,Richards,Male,Purple,M,09/02/2013,Eric,Albert,Mark,2630-115
103,Nicole,Daniels,Female,Teal,M,05/24/2001,Donna,Joan,Kimberly,
104,Norma,Foster,Female,Maroon,XL,01/15/2000,Ashley,Kelly,Melissa,
105,Rebecca,Cole,Female,Aquamarine,L,07/26/2011,Paula,Laura,Marie,
106,James,Cruz,Male,Puce,XS,06/05/2000,Larry,Harry,Arthur,
107,Jeremy,Hayes,Male,Orange,XL,09/17/2007,Billy,Fred,Kevin,
108,Timothy,Welch,Male,Yellow,L,02/18/2011,Paul,Joe,Jerry,
109,Phillip,Carpenter,Male,Violet,3XL,12/08/2001,Keith,Thomas,Bruce,
110,Shawn,Rogers,Male,Violet,XS,01/20/2001,Carl,Carlos,Benjamin,65191
111,Russell,Payne,Male,Purple,S,12/02/2007,Shawn,Bruce,David,
112,Christina,Ferguson,Female,Goldenrod,L,12/21/2001,Helen,Paula,Stephanie,
113,Roy,Johnson,Male,Purple,XL,08/13/2016,Eugene,Dennis,Russell,
114,Doris,Burke,Female,Green,S,03/08/2006,Marie,Denise,Andrea,
115,Lois,Lee,Female,Pink,M,03/17/2008,Amy,Virginia,Evelyn,
116,Robin,Taylor,Female,Green,XL,06/17/2011,Rebecca,Deborah,Kathy,
117,Philip,Rodriguez,Male,Turquoise,M,02/14/2003,Benjamin,Kenneth,Gerald,34747 CEDEX
118,Victor,Ross,Male,Aquamarine,2XL,11/08/2012,Justin,Peter,Gerald,
119,Sarah,Ross,Female,Yellow,3XL,03/21/2009,Angela,Debra,Marilyn,
120,Joe,Henry,Male,Aquamarine,L,01/15/2005,Craig,Harold,Peter,
121,Frances,Carroll,Female,Mauv,3XL,08/03/2006,Paula,Ruth,Pamela,
122,Jean,Torres,Female,Mauv,L,01/05/2010,Christina,Martha,Kathryn,
123,Carolyn,Burns,Female,Crimson,XS,04/29/2000,Catherine,Mildred,Judith,
124,Joe,Hunter,Male,Khaki,M,01/21/2007,Harry,Albert,Jesse,91881 CEDEX
125,Susan,Duncan,Female,Green,3XL,12/23/2012,Sharon,Sara,Joan,20630
126,Andrew,Stevens,Male,Puce,XS,02/11/2007,Samuel,Phillip,Ronald,
127,Thomas,Cruz,Male,Violet,S,03/23/2011,Joe,Raymond,Justin,
128,Irene,Hart,Female,Blue,S,12/04/2011,Jane,Marie,Martha,
129,Rose,Lawrence,Female,Teal,M,04/24/2015,Linda,Linda,Christine,33314 CEDEX
130,Elizabeth,Frazier,Female,Turquoise,3XL,12/30/2004,Catherine,Frances,Susan,
131,Louise,Watkins,Female,Yellow,M,06/19/2006,Christine,Janet,Stephanie,
132,Joan,Fox,Female,Indigo,2XL,09/07/2006,Shirley,Virginia,Rebecca,
133,Douglas,Howell,Male,Goldenrod,2XL,07/21/2003,Gary,Larry,Samuel,
134,Debra,Woods,Female,Yellow,M,10/16/2000,Donna,Angela,Sharon,
135,Judith,Black,Female,Crimson,XS,04/30/2001,Paula,Patricia,Irene,434 38
136,Wanda,Hill,Female,Blue,2XL,02/05/2008,Sharon,Jennifer,Gloria,
137,Andrea,Welch,Female,Pink,2XL,08/23/2005,Deborah,Elizabeth,Virginia,3300-265
138,Jerry,Brown,Male,Crimson,L,11/29/2009,Benjamin,Billy,Steve,
139,John,Day,Male,Purple,L,12/14/2012,Jeremy,Gary,Randy,
140,Michelle,Burns,Female,Pink,3XL,03/07/2007,Diane,Cynthia,Debra,
141,Scott,White,Male,Goldenrod,S,08/18/2005,Scott,Keith,Arthur,
142,Joe,Reyes,Male,Puce,XS,09/29/2016,Frank,Anthony,Larry,
143,Jerry,Martin,Male,Green,S,07/04/2003,Gary,Jason,Peter,
144,Frank,Stevens,Male,Goldenrod,XS,10/06/2008,Jason,Jeffrey,Brian,
145,Juan,Vasquez,Male,Puce,XL,12/15/2010,Randy,Todd,Joe,97078
146,Jimmy,Fisher,Male,Orange,2XL,04/04/2012,Chris,Benjamin,Antonio,
147,Carlos,Butler,Male,Puce,M,04/20/2010,Benjamin,Howard,Juan,
148,Alice,Pierce,Female,Blue,L,09/30/2006,Angela,Julie,Frances,
149,Alan,Mcdonald,Male,Teal,S,12/18/2001,Russell,Phillip,Gary,
150,Julia,Adams,Female,Teal,M,05/01/2002,Sarah,Louise,Judy,
151,Christina,Reid,Female,Maroon,L,06/06/2016,Amanda,Janice,Janice,
152,Steve,Mitchell,Male,Goldenrod,XS,02/15/2001,Steve,Samuel,Gary,
153,Gregory,Fields,Male,Aquamarine,S,05/07/2014,Douglas,Ralph,Benjamin,
154,Henry,King,Male,Green,2XL,05/11/2007,Bruce,Walter,Brian,
155,Catherine,Holmes,Female,Fuscia,L,12/19/2002,Carol,Tammy,Evelyn,
156,Karen,Weaver,Female,Purple,XL,07/18/2000,Melissa,Beverly,Bonnie,
157,Gerald,Wilson,Male,Orange,2XL,04/14/2006,Steve,Joseph,Larry,
158,Russell,Ferguson,Male,Red,3XL,07/09/2012,Joe,Ralph,Edward,
159,Todd,Wilson,Male,Khaki,3XL,03/17/2000,Willie,Lawrence,Frank,
160,Todd,Greene,Male,Yellow,3XL,12/24/2014,Jimmy,Chris,Larry,
161,Stephanie,Peterson,Female,Indigo,2XL,12/26/2006,Paula,Mildred,Christine,
162,Stephanie,Martinez,Female,Khaki,3XL,08/14/2006,Louise,Cynthia,Karen,
163,Alice,Harris,Female,Crimson,M,05/28/2008,Debra,Nancy,Amanda,5120-165
164,Lisa,Garza,Female,Pink,M,04/15/2010,Lori,Virginia,Linda,
165,Jeremy,Dunn,Male,Khaki,XL,07/29/2000,Howard,Christopher,Jimmy,
166,Peter,Greene,Male,Pink,3XL,09/07/2016,Antonio,Jonathan,Todd,
167,Carlos,Roberts,Male,Maroon,L,12/01/2010,Bobby,Thomas,Albert,
168,Kenneth,Hunt,Male,Khaki,3XL,04/04/2015,Eugene,Eugene,Gary,
169,Rachel,Frazier,Female,Aquamarine,M,02/22/2006,Maria,Mary,Carol,
170,Kimberly,Howard,Female,Puce,XL,07/06/2005,Jennifer,Lois,Cheryl,
171,Joshua,Bennett,Male,Crimson,L,01/05/2009,William,Antonio,Bruce,
172,Melissa,Cole,Female,Blue,L,03/15/2010,Jane,Julie,Phyllis,
173,Bonnie,Dixon,Female,Green,XL,04/30/2013,Barbara,Laura,Cheryl,
174,William,Little,Male,Orange,3XL,06/19/2014,Wayne,Timothy,Carl,
175,Catherine,Davis,Female,Fuscia,XL,07/31/2010,Deborah,Lisa,Marilyn,
176,Joe,George,Male,Turquoise,XL,08/23/2005,Samuel,Frank,Mark,
177,William,Riley,Male,Mauv,3XL,01/18/2007,Thomas,Andrew,William,
178,Russell,Henry,Male,Aquamarine,3XL,04/28/2003,Benjamin,Aaron,Joshua,
179,Beverly,Ford,Female,Goldenrod,XS,11/10/2011,Janet,Helen,Janet,
180,Emily,Sullivan,Female,Crimson,2XL,08/11/2004,Anna,Louise,Rachel,
181,Albert,Long,Male,Pink,3XL,07/24/2000,Paul,John,Jimmy,
182,Maria,Palmer,Female,Red,M,08/11/2003,Anna,Amanda,Wanda,
183,Robin,Ray,Female,Fuscia,L,06/09/2016,Patricia,Ann,Ruby,
184,Aaron,Grant,Male,Teal,2XL,06/20/2013,Antonio,Henry,John,42355 CEDEX
185,Thomas,Willis,Male,Khaki,L,11/17/2012,Victor,Joseph,Craig,
186,Christopher,Reynolds,Male,Maroon,XL,10/03/2004,Henry,Jeffrey,Howard,
187,Richard,Oliver,Male,Green,S,06/13/2012,Lawrence,Walter,Eric,
188,Justin,Reyes,Male,Mauv,XS,05/31/2003,Carlos,Bobby,Bobby,
189,Antonio,Taylor,Male,Fuscia,S,02/05/2003,David,Jack,Martin,
190,Annie,Black,Female,Mauv,2XL,09/22/2013,Frances,Emily,Sandra,
191,Angela,Hawkins,Female,Crimson,3XL,12/19/2012,Susan,Debra,Shirley,
192,Heather,Roberts,Female,Goldenrod,XS,08/11/2012,Ruth,Judy,Wanda,
193,Anne,Ford,Female,Mauv,3XL,10/01/2006,Brenda,Susan,Ruth,
194,Barbara,Jenkins,Female,Goldenrod,XS,11/14/2007,Nancy,Pamela,Beverly,
195,Paula,Mcdonald,Female,Khaki,L,06/24/2000,Christina,Catherine,Catherine,
196,Jeremy,Hanson,Male,Violet,3XL,10/08/2013,David,Todd,Chris,
197,Andrew,Harrison,Male,Goldenrod,XS,01/10/2001,Ernest,Chris,Henry,
198,Mildred,Harris,Female,Teal,XL,06/18/2006,Marilyn,Janet,Emily,
199,Carol,Perry,Female,Aquamarine,2XL,01/05/2016,Ashley,Mary,Heather,
200,Aaron,Ray,Male,Turquoise,L,09/29/2001,William,Douglas,Arthur,
201,Roger,Bell,Male,Goldenrod,3XL,04/23/2002,Antonio,Philip,Andrew,
202,Walter,Price,Male,Red,2XL,05/06/2014,Bobby,Timothy,Jason,
203,Jimmy,Barnes,Male,Purple,XL,10/20/2011,Patrick,Stephen,Ronald,32255
204,Andrea,Willis,Female,Yellow,2XL,10/31/2012,Ashley,Paula,Donna,
205,Judy,Richardson,Female,Blue,3XL,09/21/2002,Lois,Ann,Marie,574 35
206,Raymond,Knight,Male,Turquoise,XS,11/19/2006,Thomas,Keith,Jeremy,
207,Joshua,White,Male,Khaki,3XL,08/05/2013,Matthew,Matthew,Roy,
208,Dennis,Baker,Male,Turquoise,3XL,02/07/2005,Victor,Carl,Alan,
209,Mildred,Torres,Female,Goldenrod,L,03/18/2011,Pamela,Martha,Rebecca,
210,Ann,Carpenter,Female,Puce,XS,12/02/2015,Lori,Virginia,Janet,48966
211,Cheryl,Freeman,Female,Pink,M,10/01/2004,Judy,Judith,Diana,1111
212,Mary,Alvarez,Female,Orange,M,06/01/2011,Linda,Irene,Kelly,33169
213,Carolyn,Watkins,Female,Violet,M,10/23/2016,Mildred,Donna,Joan,
214,Roger,Wallace,Male,Turquoise,S,11/19/2011,Frank,Timothy,Andrew,
215,Lillian,Sanchez,Female,Mauv,XS,01/09/2011,Robin,Cheryl,Pamela,
216,Virginia,Harris,Female,Goldenrod,3XL,05/14/2013,Sharon,Wanda,Frances,
217,Sean,Baker,Male,Indigo,2XL,08/04/2011,Roger,Steve,Louis,
218,Denise,Morgan,Female,Violet,XS,03/06/2004,Martha,Alice,Patricia,
219,Lisa,Cox,Female,Turquoise,S,03/04/2006,Debra,Martha,Nancy,
220,Deborah,Moreno,Female,Crimson,XL,12/25/2002,Beverly,Jessica,Bonnie,
221,Carol,Willis,Female,Crimson,L,05/09/2000,Jessica,Cynthia,Jessica,
222,Betty,Turner,Female,Purple,3XL,05/12/2016,Judy,Doris,Sharon,
223,Rebecca,Hansen,Female,Teal,M,05/08/2015,Beverly,Kelly,Carolyn,
224,Jessica,Ferguson,Female,Violet,3XL,03/05/2009,Emily,Doris,Catherine,
225,Nicole,Harris,Female,Yellow,L,01/14/2003,Katherine,Marie,Margaret,720 16
226,Jacqueline,Little,Female,Goldenrod,L,08/30/2013,Nicole,Tina,Teresa,
227,Deborah,Hart,Female,Fuscia,XL,05/26/2015,Nicole,Lori,Jacqueline,
228,Joshua,Harris,Male,Maroon,L,10/05/2015,Louis,Arthur,Stephen,
229,Catherine,Brown,Female,Green,XS,02/14/2015,Annie,Katherine,Julie,
230,Richard,Nguyen,Male,Green,S,02/15/2016,Dennis,Eric,Ralph,
231,Aaron,Davis,Male,Turquoise,XL,01/04/2011,Billy,William,Antonio,
232,Louis,Watkins,Male,Green,2XL,12/18/2005,Daniel,Albert,Eric,94242
233,Joe,Garrett,Male,Orange,3XL,08/05/2002,Johnny,Shawn,Larry,
234,Cheryl,Stephens,Female,Khaki,XL,09/04/2013,Norma,Rose,Teresa,
235,Antonio,Hanson,Male,Blue,M,04/02/2012,Patrick,Jimmy,Martin,
236,Charles,Ford,Male,Maroon,3XL,05/17/2013,Billy,Harold,Thomas,
237,Jennifer,Ortiz,Female,Maroon,XL,06/22/2013,Pamela,Sara,Julia,
238,Emily,Jordan,Female,Turquoise,XS,06/19/2007,Tina,Carol,Margaret,
239,Norma,Johnston,Female,Maroon,S,05/07/2007,Kathy,Margaret,Lisa,
240,Carl,Harper,Male,Goldenrod,M,04/20/2002,Ryan,Stephen,Walter,
241,Jessica,Russell,Female,Blue,L,06/05/2007,Anna,Joyce,Jessica,
242,Chris,Gomez,Male,Crimson,S,10/27/2012,Harry,Terry,Eugene,
243,Linda,Hudson,Female,Mauv,S,11/01/2012,Shirley,Julie,Christina,
244,Tina,Elliott,Female,Violet,S,07/31/2010,Kathy,Susan,Kathleen,
245,Ruth,Richardson,Female,Aquamarine,M,12/29/2007,Angela,Kimberly,Judith,
246,Emily,Morrison,Female,Aquamarine,L,05/08/2010,Janet,Alice,Annie,
247,Joseph,Frazier,Male,Green,2XL,02/18/2004,Terry,Christopher,Larry,
248,Jason,Sullivan,Male,Aquamarine,L,04/15/2007,Craig,Raymond,Jason,
249,Paula,Patterson,Female,Mauv,3XL,01/28/2011,Tina,Christine,Carol,37924
250,Evelyn,Nelson,Female,Fuscia,S,03/09/2009,Lois,Joyce,Phyllis,
251,Brenda,Sanchez,Female,Yellow,L,10/31/2003,Cheryl,Wanda,Sharon,
252,Virginia,Lane,Female,Green,S,03/26/2011,Emily,Mary,Debra,
253,Pamela,Watkins,Female,Maroon,3XL,04/28/2015,Anna,Betty,Jennifer,
254,Louise,Carr,Female,Orange,XS,05/28/2012,Lillian,Deborah,Heather,
255,Joyce,Cunningham,Female,Red,M,10/01/2016,Shirley,Carolyn,Shirley,
256,Harry,Turner,Male,Red,XS,03/13/2003,Gregory,Lawrence,Chris,
257,Anthony,Stone,Male,Green,XS,05/09/2012,Jeffrey,Raymond,Joshua,
258,Karen,Bailey,Female,Blue,XS,10/09/2001,Linda,Laura,Christina,
259,Angela,Harper,Female,Yellow,XL,10/02/2002,Beverly,Gloria,Mary,
260,Terry,Peterson,Male,Red,XS,12/31/2003,Joshua,Brian,Shawn,
261,Ruby,Palmer,Female,Red,2XL,03/12/2006,Rachel,Robin,Diana,
262,Anna,Burns,Female,Mauv,XL,10/15/2016,Anne,Paula,Katherine,
263,Gloria,Matthews,Female,Green,XL,07/23/2004,Donna,Diana,Evelyn,
264,Daniel,Palmer,Male,Aquamarine,2XL,07/03/2014,Joseph,John,Ronald,
265,Gerald,Gonzales,Male,Maroon,M,12/27/2008,Phillip,Russell,Arthur,
266,Shawn,Richards,Male,Teal,M,03/19/2016,Patrick,Aaron,William,
267,Lori,Stanley,Female,Goldenrod,M,01/19/2008,Annie,Ruth,Norma,
268,Paul,Banks,Male,Fuscia,2XL,08/04/2005,Earl,Earl,Joshua,
269,Paul,Howard,Male,Pink,L,11/18/2014,Matthew,James,Russell,
270,Bruce,Perez,Male,Green,3XL,06/15/2002,Douglas,Frank,Jeremy,
271,Terry,Mendoza,Male,Yellow,XS,10/18/2013,Daniel,Ernest,Donald,
272,Maria,George,Female,Aquamarine,3XL,09/22/2015,Ashley,Lori,Martha,
273,Howard,Baker,Male,Mauv,S,09/24/2014,John,Douglas,Jimmy,
274,Nicole,Morrison,Female,Pink,XL,05/24/2012,Irene,Bonnie,Laura,503 16
275,Janice,Wagner,Female,Fuscia,XS,01/07/2002,Catherine,Diana,Maria,
276,Bobby,Dixon,Male,Purple,L,11/05/2004,Willie,Carlos,Chris,
277,Shawn,Torres,Male,Red,M,07/17/2012,Dennis,Nicholas,Benjamin,
278,Martha,Harper,Female,Purple,S,02/10/2013,Jacqueline,Jennifer,Paula,
279,Benjamin,Webb,Male,Teal,S,05/11/2008,Scott,Andrew,Eugene,
280,Stephen,Lynch,Male,Green,S,07/14/2011,Dennis,Jonathan,Daniel,
281,Kathy,Kelley,Female,Blue,S,09/24/2007,Anna,Rebecca,Mildred,
282,Nicholas,Fisher,Male,Puce,2XL,02/22/2006,Eugene,Philip,Albert,801 74
283,Jeffrey,Henry,Male,Blue,L,07/13/2010,Andrew,Carl,Jesse,
284,Anthony,Bennett,Male,Aquamarine,M,06/06/2014,William,Lawrence,Jerry,
285,Tina,Simpson,Female,Green,L,04/02/2014,Beverly,Phyllis,Louise,
286,Wanda,Ross,Female,Pink,3XL,05/17/2012,Cheryl,Lois,Sara,
287,Brandon,Bailey,Male,Khaki,XL,10/13/2009,Gary,Dennis,George,13729 CEDEX
288,Anna,Rogers,Female,Aquamarine,3XL,04/08/2000,Judy,Catherine,Alice,2715-217
289,Richard,Knight,Male,Goldenrod,XS,01/20/2000,Joshua,Kevin,Eugene,
290,Sharon,Fields,Female,Indigo,L,12/16/2014,Stephanie,Carol,Martha,
291,Beverly,Carr,Female,Turquoise,3XL,06/07/2002,Kathy,Marie,Donna,
292,Cynthia,Reyes,Female,Green,2XL,11/07/2014,Melissa,Michelle,Wanda,
293,Catherine,Walker,Female,Purple,3XL,08/06/2009,Jane,Lisa,Linda,
294,James,Lewis,Male,Crimson,L,04/23/2016,Paul,Joe,Nicholas,26930
295,Thomas,Lee,Male,Mauv,M,06/09/2004,Richard,William,Earl,
296,Steven,Watkins,Male,Blue,XS,09/21/2010,Kevin,Gerald,Jeffrey,
297,Ronald,Hunter,Male,Orange,M,03/28/2016,Carlos,Daniel,Douglas,9560-404
298,Patricia,Flores,Female,Pink,M,04/08/2005,Ruth,Margaret,Catherine,
299,Joseph,Jacobs,Male,Purple,L,03/12/2003,Walter,Shawn,Aaron,
300,Paul,Matthews,Male,Pink,3XL,05/24/2002,Sean,William,Juan,
301,Billy,White,Male,Purple,M,05/04/2009,Douglas,William,Jesse,
302,Ruby,Matthews,Female,Blue,S,10/14/2008,Julie,Alice,Rachel,
303,Sean,Vasquez,Male,Yellow,XL,05/30/2016,Antonio,Samuel,Phillip,
304,Debra,Perez,Female,Mauv,M,09/08/2013,Patricia,Ann,Bonnie,
305,Juan,Harper,Male,Teal,S,07/19/2000,Andrew,Dennis,John,439 37
306,Jonathan,Rodriguez,Male,Yellow,XL,08/06/2007,Howard,Earl,Roger,
307,John,Nelson,Male,Mauv,XS,12/11/2004,Gary,Wayne,Eric,
308,Paul,Bell,Male,Orange,M,05/07/2007,Joseph,David,Joshua,
309,Kathleen,Garcia,Female,Turquoise,2XL,09/26/2000,Diane,Mary,Mary,
310,Aaron,Cook,Male,Mauv,XS,09/28/2015,Dennis,Willie,Roger,
311,Marie,Morrison,Female,Fuscia,S,09/30/2006,Melissa,Wanda,Ann,
312,Wayne,Martin,Male,Khaki,S,09/29/2012,Billy,Earl,Anthony,
313,Frances,Holmes,Female,Purple,M,05/21/2004,Joyce,Diana,Rachel,
314,Wayne,Cox,Male,Aquamarine,S,05/14/2006,Ralph,Stephen,Fred,2715-145
315,Christopher,Ray,Male,Purple,M,06/09/2002,Adam,Harold,Carlos,
316,Lori,Richards,Female,Crimson,XL,09/25/2003,Jacqueline,Angela,Theresa,
317,Fred,Cunningham,Male,Teal,2XL,08/02/2010,Victor,Billy,Dennis,
318,Nicole,Price,Female,Violet,2XL,09/22/2015,Alice,Christine,Melissa,
319,Rachel,Fields,Female,Yellow,XS,07/07/2010,Christina,Rose,Shirley,
320,Samuel,Larson,Male,Puce,XS,01/27/2011,Gregory,Adam,Wayne,
321,Kimberly,Morris,Female,Blue,3XL,10/02/2001,Evelyn,Karen,Linda,7808
322,Helen,Greene,Female,Khaki,2XL,04/27/2015,Irene,Nancy,Virginia,
323,Diana,Boyd,Female,Crimson,2XL,09/28/2009,Janice,Louise,Evelyn,
324,Heather,Montgomery,Female,Blue,S,01/02/2009,Sarah,Susan,Andrea,
325,John,Schmidt,Male,Violet,2XL,06/04/2004,Howard,Louis,Randy,
326,Lori,Sims,Female,Indigo,L,02/07/2009,Kimberly,Martha,Cynthia,
327,Joan,Coleman,Female,Purple,2XL,06/14/2015,Cynthia,Sarah,Annie,
328,Brian,Harper,Male,Teal,S,08/16/2011,Paul,Keith,Antonio,
329,Ralph,Griffin,Male,Puce,S,01/21/2003,Arthur,Sean,Adam,6090-608
330,Jesse,Morris,Male,Pink,M,08/15/2004,David,Adam,Michael,
331,Jerry,Ford,Male,Violet,XL,05/16/2007,Antonio,Patrick,Arthur,
332,Paul,Kelly,Male,Crimson,XS,09/11/2011,Lawrence,Jeremy,Kevin,
333,Julie,Gutierrez,Female,Aquamarine,S,02/27/2004,Denise,Kathleen,Sandra,
334,Louis,Hicks,Male,Violet,S,12/21/2008,Juan,Brandon,Ralph,
335,Larry,Alexander,Male,Yellow,XL,10/18/2010,Gregory,Antonio,Jesse,
336,Jennifer,Perkins,Female,Green,XS,08/23/2001,Jane,Anna,Norma,
337,Norma,Clark,Female,Crimson,S,05/27/2003,Heather,Theresa,Elizabeth,
338,Kathleen,Hayes,Female,Purple,2XL,01/29/2006,Carolyn,Martha,Sarah,
339,Steve,Ray,Male,Teal,XL,06/14/2008,Jerry,Ralph,James,
340,Marilyn,Rivera,Female,Teal,2XL,03/18/2010,Evelyn,Cynthia,Anne,
341,Anne,Palmer,Female,Maroon,XS,05/15/2001,Margaret,Ann,Kathryn,
342,Jerry,Clark,Male,Indigo,2XL,01/31/2016,Benjamin,Lawrence,Alan,
343,George,Ward,Male,Indigo,3XL,01/18/2010,Matthew,Ernest,Fred,
344,Jack,Ford,Male,Yellow,XL,10/16/2001,Lawrence,Mark,Todd,
345,Ruby,Greene,Female,Purple,XS,08/25/2010,Kathleen,Christina,Beverly,
346,Gerald,Burton,Male,Khaki,2XL,06/28/2012,Raymond,Albert,Brian,
347,Jeffrey,Patterson,Male,Blue,M,01/31/2009,Sean,Ronald,Philip,
348,Donna,Gibson,Female,Turquoise,XL,10/05/2001,Judith,Theresa,Andrea,
349,Christina,Carpenter,Female,Yellow,XL,12/21/2000,Evelyn,Sara,Susan,
350,Alan,Bailey,Male,Aquamarine,XL,10/06/2000,Harold,Henry,Scott,
351,Donna,Burns,Female,Turquoise,2XL,07/05/2014,Michelle,Christine,Ruby,
352,Cheryl,Webb,Female,Purple,2XL,06/25/2014,Annie,Virginia,Kathy,
353,Charles,Welch,Male,Goldenrod,2XL,06/10/2001,Dennis,Ryan,Jonathan,
354,Tammy,Myers,Female,Khaki,2XL,02/23/2011,Shirley,Tammy,Phyllis,501 78
355,Michael,Sanchez,Male,Yellow,L,11/27/2015,Randy,Daniel,Johnny,
356,Annie,Burton,Female,Teal,3XL,12/19/2013,Mildred,Louise,Kelly,
357,Nancy,Hamilton,Female,Fuscia,L,03/06/2013,Robin,Cheryl,Sarah,
358,Janice,Fisher,Female,Maroon,3XL,11/05/2002,Lillian,Lisa,Julie,
359,Lawrence,Lawrence,Male,Orange,2XL,11/27/2004,Kenneth,Frank,Fred,
360,Larry,Carpenter,Male,Khaki,XS,04/20/2013,James,Joe,Craig,
361,Pamela,Long,Female,Aquamarine,2XL,10/01/2000,Catherine,Sarah,Theresa,4089
362,Phillip,Lawson,Male,Blue,M,04/04/2003,Ernest,Scott,Charles,
363,Evelyn,Long,Female,Teal,L,08/05/2006,Gloria,Doris,Emily,9009
364,Marie,Frazier,Female,Teal,L,07/21/2014,Donna,Mary,Sara,
365,Tina,Knight,Female,Teal,XS,07/31/2016,Theresa,Janet,Dorothy,
366,Carolyn,Jacobs,Female,Violet,M,11/04/2010,Laura,Melissa,Christina,720 16
367,Kevin,Perry,Male,Pink,2XL,07/01/2011,Ralph,Anthony,John,
368,Mildred,Black,Female,Mauv,S,02/20/2013,Nicole,Shirley,Katherine,
369,Eugene,Stephens,Male,Teal,L,12/14/2013,Henry,Antonio,Robert,
370,Teresa,Ryan,Female,Puce,L,05/19/2008,Judith,Beverly,Mildred,
371,Maria,Ryan,Female,Khaki,M,09/10/2002,Denise,Patricia,Lois,9880-324
372,Carolyn,Warren,Female,Red,XS,06/20/2008,Ruby,Barbara,Dorothy,
373,Kimberly,Thomas,Female,Yellow,XL,07/08/2012,Joyce,Catherine,Debra,
374,Nancy,Hunt,Female,Indigo,M,04/11/2007,Bonnie,Rebecca,Rebecca,
375,Andrew,Harvey,Male,Fuscia,S,04/03/2010,Eric,Jason,Aaron,
376,Debra,Green,Female,Orange,3XL,01/24/2002,Paula,Cynthia,Rebecca,51074 CEDEX
377,Evelyn,Wallace,Female,Fuscia,L,03/15/2000,Norma,Rose,Julie,3319
378,Marie,Montgomery,Female,Mauv,2XL,05/19/2000,Lillian,Irene,Evelyn,
379,Marie,Thompson,Female,Pink,L,05/21/2003,Rachel,Lillian,Kathleen,
380,Nancy,Hudson,Female,Mauv,L,09/16/2006,Elizabeth,Nancy,Sharon,
381,William,Weaver,Male,Goldenrod,M,03/21/2003,Randy,Henry,Ralph,
382,Charles,Reyes,Male,Teal,XS,11/15/2000,Peter,Raymond,Lawrence,
383,Mildred,Garrett,Female,Mauv,S,03/02/2004,Jane,Sara,Sandra,
384,Ashley,Parker,Female,Goldenrod,M,02/18/2006,Amanda,Gloria,Sarah,
385,Pamela,Gilbert,Female,Mauv,S,05/30/2001,Phyllis,Jennifer,Martha,
386,Jonathan,Perry,Male,Goldenrod,2XL,03/27/2008,Jeremy,Philip,Harold,02114
387,Keith,Watkins,Male,Turquoise,S,09/29/2012,Chris,Philip,Jonathan,
388,Thomas,Henry,Male,Puce,S,09/14/2009,Wayne,James,Jose,4745-328
389,Jeremy,Nichols,Male,Turquoise,XL,03/02/2004,George,Alan,Clarence,
390,Timothy,Andrews,Male,Fuscia,3XL,05/04/2012,Peter,Gregory,Roy,
391,Juan,Burton,Male,Turquoise,L,01/07/2009,Jeffrey,Scott,Justin,
392,Rebecca,King,Female,Puce,XL,02/27/2004,Lisa,Pamela,Virginia,
393,Kenneth,Porter,Male,Fuscia,2XL,05/19/2012,Howard,Johnny,Steven,
394,Andrea,Brooks,Female,Puce,XL,04/16/2004,Teresa,Kelly,Laura,85928 CEDEX 9
395,Joshua,Martin,Male,Teal,XS,06/12/2008,Louis,Henry,Anthony,
396,Nicole,Castillo,Female,Aquamarine,XL,09/27/2002,Marilyn,Betty,Carolyn,44485
397,Amanda,Greene,Female,Red,3XL,12/05/2001,Katherine,Julie,Julie,
398,Craig,Gordon,Male,Pink,3XL,08/27/2016,Harry,Arthur,Eugene,66225
399,Jerry,Dean,Male,Purple,L,04/02/2015,Phillip,Dennis,Shawn,23459
400,Craig,Mitchell,Male,Pink,M,11/09/2003,Jimmy,Edward,Albert,
401,Frank,Wheeler,Male,Crimson,3XL,09/19/2007,Jason,Henry,Justin,
402,Angela,Woods,Female,Indigo,XL,06/28/2014,Pamela,Tammy,Jane,
403,William,Moreno,Male,Pink,XL,12/03/2000,Paul,Jerry,Kevin,
404,Jean,George,Female,Red,L,07/26/2008,Judith,Sharon,Pamela,
405,Pamela,Sanders,Female,Indigo,3XL,02/15/2009,Sandra,Barbara,Diane,73379 CEDEX
406,Stephanie,Schmidt,Female,Indigo,S,10/08/2006,Annie,Rose,Janice,79491
407,Billy,Flores,Male,Goldenrod,L,08/16/2005,Gerald,Louis,Antonio,
408,Sara,George,Female,Red,M,07/31/2009,Patricia,Frances,Jacqueline,
409,Jason,Watkins,Male,Khaki,XS,05/23/2009,Adam,Howard,Howard,
410,Jose,Gardner,Male,Fuscia,3XL,05/30/2007,Jesse,Steve,Billy,
411,Betty,Rice,Female,Aquamarine,3XL,01/31/2011,Nancy,Cheryl,Kathy,142 82
412,Eric,Frazier,Male,Blue,XS,03/25/2009,Jesse,Harold,Johnny,
413,Harold,Hill,Male,Yellow,XL,12/01/2010,Edward,David,Fred,
414,Scott,Cook,Male,Purple,3XL,10/10/2012,James,Willie,Philip,
415,Henry,Rodriguez,Male,Indigo,2XL,05/29/2000,Andrew,Edward,Andrew,
416,Todd,Patterson,Male,Puce,XL,03/22/2012,Justin,Nicholas,Victor,
417,Annie,Carter,Female,Green,L,04/03/2005,Julie,Joyce,Sarah,
418,Andrea,Sullivan,Female,Mauv,3XL,11/21/2006,Helen,Joan,Kathy,
419,Kathy,Morrison,Female,Green,XS,01/25/2002,Melissa,Michelle,Rachel,911 32
420,Catherine,Montgomery,Female,Puce,L,09/16/2003,Jacqueline,Jessica,Anne,
421,Joyce,Mason,Female,Pink,3XL,04/08/2005,Andrea,Kathryn,Nicole,
422,Maria,Campbell,Female,Aquamarine,L,09/20/2000,Lisa,Mary,Rebecca,
423,Judith,Crawford,Female,Aquamarine,2XL,10/10/2000,Stephanie,Sara,Debra,172 23
424,Steven,Murray,Male,Purple,M,02/07/2006,Ernest,Earl,James,
425,Jonathan,Moreno,Male,Puce,XS,08/14/2005,Randy,Willie,John,
426,Andrew,Walker,Male,Teal,2XL,10/12/2016,Steve,Brandon,Ralph,
427,Martin,Medina,Male,Fuscia,3XL,07/24/2004,Edward,Keith,Antonio,
428,Steve,Knight,Male,Crimson,XL,09/03/2011,Kevin,Steve,Peter,
429,Joseph,Moore,Male,Crimson,L,04/05/2004,Bruce,Jeremy,Justin,
430,Kelly,Richards,Female,Purple,2XL,04/27/2015,Susan,Martha,Evelyn,10612
431,Patricia,Stephens,Female,Indigo,XS,07/16/2004,Wanda,Donna,Sarah,
432,Carolyn,Rose,Female,Mauv,L,08/20/2004,Janet,Diana,Emily,
433,Nicholas,Elliott,Male,Fuscia,M,06/16/2013,Jesse,Robert,Roy,
434,Walter,Duncan,Male,Violet,2XL,01/30/2008,Arthur,Craig,Kenneth,
435,Mary,Morris,Female,Aquamarine,2XL,09/04/2000,Brenda,Pamela,Martha,
436,Roy,Gibson,Male,Puce,M,09/18/2007,Arthur,Shawn,Jimmy,
437,Christine,Evans,Female,Purple,2XL,03/16/2007,Lois,Rachel,Margaret,
438,Lori,Perry,Female,Violet,L,06/18/2002,Gloria,Robin,Marie,
439,Keith,Henderson,Male,Crimson,XS,08/30/2003,Jeffrey,Peter,Antonio,
440,Linda,Coleman,Female,Yellow,2XL,03/11/2014,Tina,Judy,Diana,
441,Donald,Young,Male,Green,L,08/28/2012,Terry,Wayne,Carlos,
442,Martin,Carr,Male,Green,XL,06/28/2016,Jason,Peter,Henry,
443,Margaret,Duncan,Female,Mauv,L,04/04/2001,Cheryl,Barbara,Kathryn,
444,Roger,Campbell,Male,Yellow,2XL,10/17/2013,Joseph,Andrew,Gregory,
445,Joan,Lynch,Female,Purple,S,07/17/2014,Beverly,Lillian,Julia,
446,Norma,Harper,Female,Yellow,L,08/18/2010,Judith,Stephanie,Tammy,
447,Rebecca,Richardson,Female,Aquamarine,2XL,05/30/2007,Rachel,Rebecca,Cynthia,94019 CEDEX
448,Marilyn,Lawson,Female,Maroon,S,09/26/2012,Marie,Ann,Mary,8004
449,Patrick,Oliver,Male,Pink,M,09/07/2011,Jose,Gerald,Douglas,4740-497
450,Joyce,Bishop,Female,Green,S,12/21/2008,Heather,Debra,Joan,
451,Judith,Bennett,Female,Fuscia,S,03/27/2010,Betty,Kathy,Louise,
452,Anne,Gordon,Female,Green,M,07/05/2016,Rebecca,Jean,Jacqueline,
453,Wayne,Simpson,Male,Maroon,M,09/10/2010,Steven,Ralph,Raymond,
454,Michael,Morales,Male,Crimson,2XL,07/27/2002,Billy,Anthony,Adam,
455,Kathryn,Hansen,Female,Goldenrod,XS,06/16/2001,Ruby,Jane,Alice,756 49
456,Shawn,Hughes,Male,Blue,2XL,10/21/2009,Ralph,James,Randy,
457,John,Rodriguez,Male,Fuscia,L,10/12/2016,Gary,Carl,Jerry,
458,Jeremy,Morris,Male,Blue,L,12/25/2007,Matthew,Todd,James,
459,Judith,Mason,Female,Aquamarine,3XL,07/27/2002,Louise,Lisa,Lois,39130
460,Joyce,Greene,Female,Yellow,M,12/29/2006,Annie,Rose,Tammy,
461,Maria,Davis,Female,Orange,3XL,03/21/2002,Kimberly,Phyllis,Margaret,
462,Albert,Jenkins,Male,Purple,S,02/09/2004,Louis,Michael,Eugene,
463,Carlos,Howard,Male,Green,2XL,09/02/2016,Louis,Frank,Donald,
464,Larry,Hicks,Male,Blue,XS,10/15/2006,Alan,James,Craig,
465,Frances,Bell,Female,Violet,M,12/09/2008,Joan,Patricia,Norma,92709 CEDEX
466,Ann,Castillo,Female,Mauv,M,03/07/2010,Teresa,Janet,Mildred,
467,Douglas,Peterson,Male,Red,L,06/02/2008,Anthony,Roger,Timothy,
468,James,Cox,Male,Turquoise,2XL,09/23/2012,Harold,Paul,Charles,94723
469,Wayne,Brooks,Male,Maroon,M,10/14/2006,Juan,Ralph,Wayne,
470,Nancy,Webb,Female,Yellow,3XL,06/12/2008,Debra,Karen,Amanda,
471,Walter,Rose,Male,Fuscia,3XL,01/20/2012,Aaron,Shawn,Sean,
472,Judith,Hernandez,Female,Puce,XL,04/05/2001,Lois,Judy,Marilyn,
473,Joan,Spencer,Female,Pink,L,08/16/2012,Doris,Diana,Joyce,6539
474,Gary,Robertson,Male,Green,XS,12/08/2009,Donald,Kenneth,John,10450
475,Jeremy,Wheeler,Male,Yellow,XS,01/23/2002,Alan,Mark,Stephen,
476,Karen,Hayes,Female,Violet,3XL,08/18/2016,Joyce,Janice,Mary,
477,Catherine,Ryan,Female,Khaki,S,06/17/2012,Jessica,Beverly,Ashley,
478,Tina,Williamson,Female,Teal,XS,12/17/2014,Mildred,Janet,Cynthia,22304 CEDEX
479,Anthony,Willis,Male,Puce,2XL,09/21/2015,Eric,David,Jeffrey,
480,Louis,Green,Male,Turquoise,XS,01/09/2003,Jonathan,Patrick,Steven,
481,Gloria,Mitchell,Female,Puce,XS,05/26/2010,Cheryl,Lori,Judy,
482,Thomas,Warren,Male,Maroon,M,08/26/2010,Terry,Andrew,Benjamin,124 22
483,Craig,Reynolds,Male,Puce,S,03/08/2011,Kenneth,Gary,Harold,
484,Marilyn,Cunningham,Female,Puce,XS,04/05/2010,Marilyn,Janet,Sara,
485,Nicholas,Rogers,Male,Puce,3XL,01/06/2002,Brian,Philip,Matthew,
486,Pamela,Simpson,Female,Orange,S,02/19/2016,Sharon,Cynthia,Nancy,
487,William,Graham,Male,Turquoise,3XL,01/01/2002,Timothy,Samuel,Alan,2730-060
488,Howard,Bryant,Male,Blue,3XL,09/24/2000,Peter,Jonathan,Andrew,
489,Keith,Jones,Male,Goldenrod,2XL,12/03/2010,Randy,Stephen,Raymond,7554
490,Annie,Williamson,Female,Blue,XL,05/05/2005,Ruby,Susan,Cynthia,753 14
491,Johnny,Carr,Male,Puce,3XL,04/16/2003,Anthony,Kenneth,Peter,
492,Cheryl,Williamson,Female,Crimson,XS,12/17/2006,Jean,Julia,Jessica,
493,Ashley,Stephens,Female,Red,L,04/13/2014,Brenda,Bonnie,Debra,361 92
494,Susan,Morales,Female,Goldenrod,3XL,02/04/2006,Laura,Heather,Mary,
495,Shirley,Fuller,Female,Indigo,XL,03/04/2008,Jennifer,Linda,Jessica,
496,Andrea,Thomas,Female,Maroon,2XL,03/27/2010,Linda,Laura,Kimberly,82190
497,Eric,Grant,Male,Pink,S,11/18/2009,Daniel,Peter,Brian,
498,Sandra,Henry,Female,Khaki,M,11/25/2005,Heather,Stephanie,Bonnie,
499,Jonathan,Watson,Male,Crimson,L,01/04/2011,Phillip,Ryan,Alan,
500,Joseph,Wallace,Male,Mauv,XL,02/10/2015,Shawn,Ernest,Raymond,
