id,first_name,last_name,gender,email,tshirt_size,due_paid,skills
1,Eric,Fernandez,Male,efernandez0@last.fm,3XL,$29.44,WFL
2,Margaret,Jacobs,Female,mjacobs1@tumblr.com,L,$35.04,Experion PKS
3,Thomas,Gibson,Male,tgibson2@springer.com,2XL,$23.28,Circuit Design
4,Annie,Powell,Female,apowell3@fda.gov,L,$27.25,DTI
5,Pamela,Lawrence,Female,plawrence4@cargocollective.com,XL,$44.97,Power Generation
6,Barbara,Carpenter,Female,bcarpenter5@unblog.fr,L,$45.23,IT Service Management
7,Patricia,Sullivan,Female,psullivan6@friendfeed.com,3XL,$29.77,UV coating
8,Annie,Welch,Female,awelch7@yale.edu,2XL,$26.16,Curriculum Design
9,Donald,Snyder,Male,dsnyder8@php.net,3XL,$31.24,Be Your Own Boss
10,Evelyn,Bishop,Female,ebishop9@fotki.com,XS,$31.72,Automotive
11,Lillian,Stewart,Female,lstewarta@amazonaws.com,L,$29.90,PVCS
12,Lisa,Thompson,Female,lthompsonb@opensource.org,XS,$21.09,Observation
13,Janet,Marshall,Female,jmarshallc@foxnews.com,XL,$26.23,Apache Ivy
14,Wayne,Robinson,Male,wrobinsond@theatlantic.com,L,$28.33,xCAT
15,Melissa,Parker,Female,mparkere@princeton.edu,M,$21.42,Jasper Reports
16,Carlos,Jenkins,Male,cjenkinsf@intel.com,S,$30.32,Student Financial Aid
17,Paula,Thomas,Female,pthomasg@deliciousdays.com,L,$46.65,Axioma
18,Emily,Gray,Female,egrayh@utexas.edu,XS,$41.18,Aerospace
19,Teresa,Roberts,Female,trobertsi@nasa.gov,L,$22.78,Middle Eastern Studies
20,Stephen,Evans,Male,sevansj@indiatimes.com,L,$42.13,Biodiversity
21,Benjamin,Hayes,Male,bhayesk@youtube.com,XS,$43.15,Airports
22,Rose,King,Female,rkingl@archive.org,3XL,$32.50,WLR3
23,Frances,Jackson,Female,fjacksonm@dedecms.com,XL,$47.01,Mobile Marketing
24,Steven,Dunn,Male,sdunnn@google.com.hk,L,$45.54,Vital Signs
25,Cheryl,Hughes,Female,chugheso@sciencedaily.com,2XL,$23.94,xPON
26,Fred,Payne,Male,fpaynep@google.nl,L,$48.09,NHS
27,Christopher,Hamilton,Male,chamiltonq@webeden.co.uk,XL,$47.11,Play-by-play
28,Kimberly,King,Female,kkingr@home.pl,XS,$39.05,Youth Mentoring
29,Carlos,Palmer,Male,cpalmers@gov.uk,XL,$31.10,3D Visualization
30,Jack,Lopez,Male,jlopezt@loc.gov,L,$43.85,Justice
31,Lisa,Fowler,Female,lfowleru@ehow.com,L,$33.87,OID
32,Carolyn,Reynolds,Female,creynoldsv@marketwatch.com,XL,$37.06,EOR
33,Emily,Armstrong,Female,earmstrongw@wikipedia.org,L,$45.34,SLA
34,George,Morales,Male,gmoralesx@rediff.com,XS,$21.21,Korean Culture
35,Brenda,Fowler,Female,bfowlery@youku.com,M,$24.88,Treatment
36,Irene,Fox,Female,ifoxz@nba.com,3XL,$30.82,SIP Trunking
37,Sean,Thompson,Male,sthompson10@artisteer.com,L,$22.21,Power Plants
38,Jeffrey,Black,Male,jblack11@yale.edu,XL,$23.84,cXML
39,Brandon,Welch,Male,bwelch12@prnewswire.com,M,$40.55,Team Effectiveness
40,Mildred,Burns,Female,mburns13@clickbank.net,M,$33.78,Turbines
41,David,Graham,Male,dgraham14@businessinsider.com,2XL,$33.07,GNU C
42,Evelyn,Matthews,Female,ematthews15@creativecommons.org,3XL,$40.33,Executive Protection
43,Bonnie,Burton,Female,bburton16@pbs.org,L,$35.91,SBA 504
44,Larry,Martinez,Male,lmartinez17@macromedia.com,3XL,$33.89,Kinesiology
45,Adam,James,Male,ajames18@theguardian.com,L,$45.73,XAMPP
46,Irene,Wilson,Female,iwilson19@bbc.co.uk,3XL,$24.42,UI Automation
47,James,Lawson,Male,jlawson1a@hc360.com,M,$44.92,EMS
48,Alice,Romero,Female,aromero1b@google.ru,2XL,$44.50,Organic Chemistry
49,Jeffrey,Elliott,Male,jelliott1c@nymag.com,2XL,$47.18,VSAT
50,Lisa,Black,Female,lblack1d@weibo.com,2XL,$40.45,Cfengine
51,Janice,Williams,Female,jwilliams1e@exblog.jp,XS,$35.84,JNI
52,Lois,Mcdonald,Female,lmcdonald1f@free.fr,M,$45.45,HP Quality Center
53,George,Mills,Male,gmills1g@paypal.com,L,$33.67,IEEE standards
54,Rose,Meyer,Female,rmeyer1h@ucsd.edu,S,$28.29,Merchandising
55,Charles,Watson,Male,cwatson1i@ebay.com,3XL,$39.32,Aquatic Therapy
56,Daniel,Young,Male,dyoung1j@i2i.jp,3XL,$49.50,.htaccess
57,Johnny,Armstrong,Male,jarmstrong1k@google.de,M,$32.67,Air Compressors
58,Linda,Mcdonald,Female,lmcdonald1l@umich.edu,XS,$26.46,Economic Modeling
59,Alan,Porter,Male,aporter1m@51.la,XL,$25.64,IT Audit
60,Earl,Moreno,Male,emoreno1n@amazon.co.uk,3XL,$23.76,CPI
61,Judith,Wright,Female,jwright1o@hhs.gov,2XL,$28.42,Weapons
62,Donna,Wells,Female,dwells1p@gmpg.org,3XL,$43.50,JDO
63,Theresa,Dunn,Female,tdunn1q@tinypic.com,S,$30.47,RF Design
64,Sharon,Burke,Female,sburke1r@google.fr,L,$30.43,Karl Fisher
65,Judith,Stone,Female,jstone1s@admin.ch,2XL,$30.49,iSCSI
66,Catherine,Fuller,Female,cfuller1t@surveymonkey.com,S,$33.25,WM modules
67,Adam,Marshall,Male,amarshall1u@technorati.com,S,$45.81,RF Test
68,Jean,Brown,Female,jbrown1v@altervista.org,3XL,$37.17,QinQ
69,Beverly,Wheeler,Female,bwheeler1w@multiply.com,XS,$36.21,Canon XH-A1
70,Christina,Long,Female,clong1x@mapy.cz,3XL,$39.37,Ozone
71,Lillian,Lee,Female,llee1y@mit.edu,2XL,$34.91,Ableton Live
72,Betty,Carr,Female,bcarr1z@globo.com,S,$21.07,MLA
73,Janet,Banks,Female,jbanks20@toplist.cz,XL,$28.28,Ppk
74,Diane,Allen,Female,dallen21@google.com.br,XS,$27.86,CMC
75,Todd,White,Male,twhite22@weebly.com,XS,$49.27,Awareness Raising
76,Heather,Burton,Female,hburton23@prnewswire.com,XL,$49.41,Getting to Yes
77,Julia,Meyer,Female,jmeyer24@sciencedaily.com,S,$31.23,VTP
78,Roger,Richards,Male,rrichards25@bing.com,3XL,$33.09,CMMI Level 5
79,Sharon,Carpenter,Female,scarpenter26@opensource.org,XL,$48.52,JIS
80,Louise,Bishop,Female,lbishop27@tinyurl.com,2XL,$34.87,JBoss ESB
81,Betty,Kelly,Female,bkelly28@myspace.com,L,$38.11,IKE
82,Steve,Morales,Male,smorales29@miibeian.gov.cn,XS,$29.58,Pro-IV
83,Ruth,Turner,Female,rturner2a@edublogs.org,XS,$33.94,Corporate FP&amp;A
84,Kimberly,Griffin,Female,kgriffin2b@hubpages.com,M,$47.99,IT Service Delivery
85,Samuel,Hernandez,Male,shernandez2c@php.net,XS,$29.77,HBV
86,Tina,Stevens,Female,tstevens2d@ask.com,L,$21.96,CBP
87,Diana,Ford,Female,dford2e@clickbank.net,3XL,$42.02,CVA
88,George,Franklin,Male,gfranklin2f@jigsy.com,M,$30.71,Unfair Competition
89,Nicole,Hamilton,Female,nhamilton2g@indiegogo.com,3XL,$29.39,EWP
90,Shirley,Price,Female,sprice2h@qq.com,XS,$45.52,Torts
91,Steve,Robertson,Male,srobertson2i@utexas.edu,XS,$28.83,Video Games
92,Julie,Mason,Female,jmason2j@t.co,M,$34.97,XTRAC
93,Russell,Fowler,Male,rfowler2k@storify.com,S,$47.43,Cybercrime
94,Harold,Stone,Male,hstone2l@ovh.net,3XL,$22.09,Blackberry
95,Rose,Jenkins,Female,rjenkins2m@whitehouse.gov,2XL,$31.89,WS-I
96,Mark,Wells,Male,mwells2n@free.fr,M,$26.13,Nutritional Counseling
97,Anne,Holmes,Female,aholmes2o@tinyurl.com,S,$44.60,DGFT
98,Kathy,Bennett,Female,kbennett2p@amazon.com,XS,$49.70,Segregation of Duties
99,Marie,Shaw,Female,mshaw2q@surveymonkey.com,2XL,$39.45,GXT
100,Roy,Gutierrez,Male,rgutierrez2r@ocn.ne.jp,M,$22.25,Hypnotherapy
101,Arthur,Sullivan,Male,asullivan2s@elegantthemes.com,XS,$31.02,Feature Writing
102,Judy,Thompson,Female,jthompson2t@cnet.com,3XL,$30.69,Employer Branding
103,Lori,Henry,Female,lhenry2u@timesonline.co.uk,3XL,$22.85,EMS
104,Paul,Garcia,Male,pgarcia2v@biblegateway.com,L,$45.09,Home Equity Lines of Credit
105,Ralph,Vasquez,Male,rvasquez2w@google.cn,XS,$21.64,Joint Ventures
106,Kelly,Vasquez,Female,kvasquez2x@nbcnews.com,XL,$23.72,Cisco MDS SAN switches
107,Antonio,Stewart,Male,astewart2y@scientificamerican.com,XS,$46.62,CBOT
108,Johnny,Mason,Male,jmason2z@samsung.com,S,$29.10,WDK
109,Carol,Medina,Female,cmedina30@aol.com,XS,$21.40,LPR
110,Clarence,Fields,Male,cfields31@odnoklassniki.ru,2XL,$46.43,FQHC
111,Richard,Fowler,Male,rfowler32@tuttocitta.it,XS,$20.92,Constructive Feedback
112,Chris,Elliott,Male,celliott33@mac.com,S,$36.14,Alternative Energy
113,Lawrence,Harrison,Male,lharrison34@comsenz.com,3XL,$27.41,Quality Control
114,Samuel,Stewart,Male,sstewart35@vinaora.com,XS,$26.16,Black &amp; White
115,Lillian,Jacobs,Female,ljacobs36@hp.com,3XL,$29.97,Klarity
116,William,Edwards,Male,wedwards37@odnoklassniki.ru,3XL,$21.24,DFSS Green Belt
117,Katherine,Anderson,Female,kanderson38@answers.com,XL,$22.51,Multi-color Flow Cytometry
118,Patricia,Gonzales,Female,pgonzales39@cargocollective.com,S,$42.02,Oracle RAC
119,Rachel,Alexander,Female,ralexander3a@princeton.edu,XS,$26.05,Young People
120,Wayne,Moore,Male,wmoore3b@shop-pro.jp,XS,$35.00,TCAS
121,Janet,Bell,Female,jbell3c@washington.edu,2XL,$48.74,CMMI Level 5
122,Kathy,Jones,Female,kjones3d@berkeley.edu,XL,$46.42,Benefits Administration
123,Donna,Dunn,Female,ddunn3e@geocities.jp,M,$30.96,XRY
124,Julie,Riley,Female,jriley3f@de.vu,M,$23.00,Software Design
125,Carlos,Lee,Male,clee3g@php.net,L,$45.58,Non-profit Leadership
126,Johnny,Reynolds,Male,jreynolds3h@google.es,XS,$32.26,Executive Search
127,Frank,Berry,Male,fberry3i@sciencedirect.com,XS,$29.77,Dunn &amp; Bradstreet
128,Frances,Walker,Female,fwalker3j@parallels.com,M,$20.69,solid-state NMR
129,Antonio,Hall,Male,ahall3k@usatoday.com,3XL,$23.09,Object Oriented Perl
130,Douglas,Gutierrez,Male,dgutierrez3l@webnode.com,S,$26.22,Cellular Communications
131,Robert,Hill,Male,rhill3m@livejournal.com,3XL,$42.01,NSLDS
132,William,Porter,Male,wporter3n@alexa.com,M,$25.86,QNXT
133,Ralph,Long,Male,rlong3o@macromedia.com,3XL,$44.41,ELISA
134,Nancy,Porter,Female,nporter3p@example.com,3XL,$24.26,ESRI
135,Angela,Jones,Female,ajones3q@skyrock.com,L,$46.40,Cyberlaw
136,Jack,Roberts,Male,jroberts3r@wordpress.com,2XL,$30.16,Sound
137,Wanda,Gonzales,Female,wgonzales3s@seattletimes.com,2XL,$49.44,Outside Sales
138,Gloria,Holmes,Female,gholmes3t@springer.com,XS,$20.40,ICT
139,Donald,Stewart,Male,dstewart3u@github.io,2XL,$44.68,Agile Project Management
140,Tina,Duncan,Female,tduncan3v@com.com,L,$37.02,High Voltage
141,Brian,Romero,Male,bromero3w@plala.or.jp,XL,$49.58,Pharmacy Benefit Management
142,Bobby,Nelson,Male,bnelson3x@topsy.com,XL,$38.77,Yeast two-hybrid
143,Andrew,Fowler,Male,afowler3y@unc.edu,S,$32.78,Amazon VPC
144,Jack,Marshall,Male,jmarshall3z@tripadvisor.com,L,$21.00,Novell
145,Laura,Peterson,Female,lpeterson40@rambler.ru,L,$47.38,Cash Flow
146,Debra,Kennedy,Female,dkennedy41@mac.com,M,$49.07,Cashiering
147,Maria,Gomez,Female,mgomez42@un.org,M,$43.75,Politics
148,Anthony,Ross,Male,aross43@oaic.gov.au,XS,$32.58,KXEN
149,Paula,Garrett,Female,pgarrett44@sogou.com,XL,$34.27,Nuclear Engineering
150,Evelyn,Martinez,Female,emartinez45@samsung.com,XS,$33.56,D3.js
151,Tammy,Carroll,Female,tcarroll46@domainmarket.com,L,$38.65,FBO
152,Barbara,Gonzalez,Female,bgonzalez47@vimeo.com,2XL,$24.01,Vehicles
153,Fred,Howard,Male,fhoward48@sbwire.com,M,$29.90,Dynamic Speaker
154,Gregory,Tucker,Male,gtucker49@icq.com,M,$23.81,Sellers
155,Wanda,Austin,Female,waustin4a@oakley.com,S,$48.83,Solution Architecture
156,Jennifer,Watkins,Female,jwatkins4b@dot.gov,3XL,$28.98,SAP BW
157,Janet,Moreno,Female,jmoreno4c@tamu.edu,XL,$40.51,Knowledge Transfer
158,Dorothy,Robertson,Female,drobertson4d@va.gov,S,$36.24,Hypnotherapy
159,Wayne,Wagner,Male,wwagner4e@photobucket.com,M,$40.68,AHU
160,Anne,Rivera,Female,arivera4f@irs.gov,XL,$24.41,UMTS
161,Walter,Edwards,Male,wedwards4g@nyu.edu,M,$49.25,Amazon Kindle
162,Ruth,Mcdonald,Female,rmcdonald4h@salon.com,2XL,$36.10,Project Management
163,Catherine,Reid,Female,creid4i@ebay.com,3XL,$23.61,IP Cameras
164,Terry,Johnston,Male,tjohnston4j@sun.com,XL,$22.42,ODIN
165,Johnny,King,Male,jking4k@illinois.edu,L,$29.93,CCIM
166,Steven,Russell,Male,srussell4l@t.co,3XL,$45.95,HLSL
167,Stephanie,Edwards,Female,sedwards4m@utexas.edu,M,$24.64,Aquaponics
168,Ryan,Fields,Male,rfields4n@berkeley.edu,M,$41.63,Olefins
169,Douglas,Ross,Male,dross4o@wired.com,XS,$28.08,PPE
170,Charles,Pierce,Male,cpierce4p@behance.net,M,$34.55,Navisworks
171,Christopher,Gutierrez,Male,cgutierrez4q@china.com.cn,XS,$42.19,Umbraco
172,Edward,Anderson,Male,eanderson4r@comsenz.com,2XL,$26.62,ZoomText
173,George,Mccoy,Male,gmccoy4s@washingtonpost.com,S,$35.56,FDA
174,Wanda,Reed,Female,wreed4t@webs.com,2XL,$44.70,Work Very Well with Others
175,Amy,Hawkins,Female,ahawkins4u@cbslocal.com,2XL,$41.44,Xpress
176,Lillian,Day,Female,lday4v@fc2.com,XL,$48.49,Eclipse CDT
177,Susan,Ortiz,Female,sortiz4w@jugem.jp,XS,$30.90,BC/DR
178,Lillian,Ramos,Female,lramos4x@newsvine.com,L,$41.97,DBVisualizer
179,Roy,Cox,Male,rcox4y@sfgate.com,2XL,$28.40,Cisco Routers
180,Amanda,Payne,Female,apayne4z@wired.com,3XL,$29.04,Volunteering
181,Angela,Banks,Female,abanks50@usgs.gov,2XL,$46.60,LTSP
182,Anthony,Gray,Male,agray51@elpais.com,L,$46.12,Middle Office
183,Gloria,Foster,Female,gfoster52@theglobeandmail.com,3XL,$33.19,BFD
184,Roger,Cox,Male,rcox53@twitter.com,2XL,$27.72,Wovens
185,Julie,Gonzalez,Female,jgonzalez54@msu.edu,2XL,$43.52,SWAT
186,Rose,Harper,Female,rharper55@irs.gov,2XL,$32.95,CI
187,Benjamin,Gilbert,Male,bgilbert56@tiny.cc,L,$34.93,Accounts Receivable
188,Christopher,Mendoza,Male,cmendoza57@europa.eu,L,$36.59,Market Risk
189,Ashley,Hughes,Female,ahughes58@example.com,L,$26.89,Pyramix
190,Jimmy,Austin,Male,jaustin59@apache.org,2XL,$41.28,Dell KACE
191,Joe,Green,Male,jgreen5a@pen.io,3XL,$45.70,DDA compliance
192,Sharon,Kelly,Female,skelly5b@disqus.com,L,$44.96,FDICIA
193,Jose,Rodriguez,Male,jrodriguez5c@bloglines.com,2XL,$23.35,International Business
194,Joan,Stevens,Female,jstevens5d@comcast.net,2XL,$27.48,Pilates
195,Ann,Sanchez,Female,asanchez5e@amazon.com,S,$20.51,Pharmaceutical Industry
196,Henry,Webb,Male,hwebb5f@oaic.gov.au,XS,$37.18,Kyoto Protocol
197,Steve,George,Male,sgeorge5g@360.cn,2XL,$43.23,Get Along Well with Others
198,Richard,Sims,Male,rsims5h@hp.com,M,$38.79,Commercial Banking
199,Cynthia,Elliott,Female,celliott5i@hao123.com,XS,$26.08,OSPF
200,Amy,Austin,Female,aaustin5j@usatoday.com,M,$26.06,Ignatian Spirituality
201,Ashley,Harris,Female,aharris5k@fc2.com,S,$22.10,Akamai
202,Michelle,Snyder,Female,msnyder5l@phoca.cz,2XL,$38.73,Consumer Electronics
203,Wanda,Romero,Female,wromero5m@nyu.edu,3XL,$40.13,TSO
204,Jose,Hill,Male,jhill5n@posterous.com,XL,$21.35,IEC 61131-3
205,Steven,Robertson,Male,srobertson5o@upenn.edu,XL,$24.73,Epicor
206,Timothy,Willis,Male,twillis5p@networksolutions.com,XL,$32.66,GDI
207,Nancy,Greene,Female,ngreene5q@bloglovin.com,S,$20.09,Xilinx ISE
208,Kathryn,Stanley,Female,kstanley5r@mashable.com,3XL,$27.08,Interest Rate Derivatives
209,Douglas,Rogers,Male,drogers5s@chicagotribune.com,XL,$40.91,Social TV
210,James,Garza,Male,jgarza5t@etsy.com,L,$21.92,Gym
211,Jonathan,Vasquez,Male,jvasquez5u@merriam-webster.com,L,$37.83,MSC Patran
212,Gregory,Meyer,Male,gmeyer5v@google.it,XS,$22.03,SQL DB2
213,Lois,Owens,Female,lowens5w@squidoo.com,XS,$33.22,PnL
214,Barbara,Gray,Female,bgray5x@seattletimes.com,XL,$33.27,Yield
215,Beverly,Reid,Female,breid5y@cpanel.net,3XL,$34.19,Zachman
216,Melissa,Garza,Female,mgarza5z@furl.net,S,$43.90,Shipping
217,Roger,Simpson,Male,rsimpson60@jimdo.com,2XL,$35.73,Easements
218,Larry,Bennett,Male,lbennett61@webmd.com,S,$21.39,Digital TV
219,Gary,Andrews,Male,gandrews62@com.com,L,$34.56,Oscilloscope
220,Carolyn,Kim,Female,ckim63@epa.gov,2XL,$35.20,TWS
221,Sarah,Martinez,Female,smartinez64@twitter.com,M,$34.85,Wholesale Purchasing
222,Aaron,Cox,Male,acox65@4shared.com,XS,$45.36,Jewish History
223,Emily,Greene,Female,egreene66@digg.com,3XL,$20.07,People-oriented
224,Shawn,Wright,Male,swright67@unblog.fr,S,$32.74,CSAT
225,Walter,Duncan,Male,wduncan68@cyberchimps.com,2XL,$48.19,Github
226,Robert,Allen,Male,rallen69@bloglovin.com,XL,$22.10,Xerox Printers
227,Earl,Edwards,Male,eedwards6a@jigsy.com,S,$27.26,Lymphatic Drainage
228,Kathryn,Miller,Female,kmiller6b@cnet.com,M,$25.44,Local Government
229,Doris,Stone,Female,dstone6c@forbes.com,XS,$35.01,Aerospace Structures
230,John,Romero,Male,jromero6d@utexas.edu,S,$43.22,Wrongful Death
231,Antonio,Owens,Male,aowens6e@about.com,M,$20.35,WLM
232,Carolyn,Armstrong,Female,carmstrong6f@quantcast.com,L,$39.33,Application Architecture
233,Harold,Pierce,Male,hpierce6g@bandcamp.com,XL,$34.64,DSDM
234,Alice,Gordon,Female,agordon6h@bigcartel.com,L,$42.79,Non-profit Leadership
235,Brian,Hunt,Male,bhunt6i@plala.or.jp,L,$46.03,Gynecologic Surgery
236,Carlos,Mendoza,Male,cmendoza6j@answers.com,3XL,$30.26,Low Voltage
237,Raymond,Jacobs,Male,rjacobs6k@nbcnews.com,2XL,$34.51,zSeries
238,Randy,Nguyen,Male,rnguyen6l@example.com,L,$23.09,HMRC enquiries
239,Christine,Rivera,Female,crivera6m@livejournal.com,M,$26.55,Renewable Energy
240,Phyllis,Carr,Female,pcarr6n@bbc.co.uk,2XL,$22.71,Cost Efficiency
241,Joyce,Thomas,Female,jthomas6o@e-recht24.de,XS,$47.90,Hospitality
242,George,Ford,Male,gford6p@google.com.br,S,$20.23,Community Development
243,Gloria,Clark,Female,gclark6q@mlb.com,L,$34.04,Ergonomics
244,Evelyn,Taylor,Female,etaylor6r@rediff.com,XS,$24.46,Documentation
245,Philip,Rice,Male,price6s@ihg.com,3XL,$36.90,RP
246,Gary,Bradley,Male,gbradley6t@123-reg.co.uk,2XL,$34.78,ODC
247,Eric,Montgomery,Male,emontgomery6u@huffingtonpost.com,XS,$34.23,Overtime
248,Kimberly,Jordan,Female,kjordan6v@nationalgeographic.com,2XL,$44.14,Cisco UCS
249,Deborah,Chavez,Female,dchavez6w@biglobe.ne.jp,3XL,$27.02,American Politics
250,Donald,Richards,Male,drichards6x@netlog.com,M,$45.75,Eaglesoft
251,Tammy,Smith,Female,tsmith6y@mozilla.org,2XL,$39.09,Vocational Rehabilitation
252,Lois,Sanchez,Female,lsanchez6z@illinois.edu,S,$25.77,Board Certified
253,Steven,Grant,Male,sgrant70@amazon.co.jp,XS,$41.53,ILOG
254,Anthony,Burke,Male,aburke71@hugedomains.com,XS,$25.24,JProfiler
255,Joshua,Ramirez,Male,jramirez72@economist.com,L,$44.66,QA Automation
256,Susan,Lee,Female,slee73@google.de,XS,$21.87,HR Transformation
257,Tina,Murray,Female,tmurray74@wikia.com,2XL,$43.52,PML
258,Brian,Ross,Male,bross75@nbcnews.com,S,$34.55,DDL
259,Thomas,Weaver,Male,tweaver76@opensource.org,L,$36.81,Oil Changes
260,Fred,Bennett,Male,fbennett77@scientificamerican.com,3XL,$29.29,NQA-1
261,Keith,Davis,Male,kdavis78@ftc.gov,S,$23.17,Layout
262,Lois,Henry,Female,lhenry79@reuters.com,XS,$49.27,Slickline
263,Phillip,Ward,Male,pward7a@state.gov,L,$25.00,Qbasic
264,Amy,Patterson,Female,apatterson7b@dagondesign.com,3XL,$27.37,VHF
265,Tammy,Harper,Female,tharper7c@163.com,3XL,$30.24,POS
266,Virginia,Larson,Female,vlarson7d@theglobeandmail.com,XL,$32.12,Rhythm Guitar
267,Chris,Young,Male,cyoung7e@bing.com,XS,$42.76,DC-10
268,Anna,Gibson,Female,agibson7f@hud.gov,2XL,$41.37,Medical Illustration
269,Edward,Russell,Male,erussell7g@addthis.com,XL,$35.94,Job Descriptions
270,Ruby,Stewart,Female,rstewart7h@google.com.au,2XL,$47.12,CBCP
271,Robin,Lane,Female,rlane7i@twitter.com,S,$30.97,Xactly Incent
272,Jason,Brooks,Male,jbrooks7j@dmoz.org,XS,$30.38,LDAP
273,Lillian,Medina,Female,lmedina7k@wired.com,S,$29.13,Bluetooth
274,Virginia,Rivera,Female,vrivera7l@shareasale.com,M,$26.75,ZenCart
275,Bonnie,Tucker,Female,btucker7m@nymag.com,M,$31.27,Juvederm
276,Jean,Smith,Female,jsmith7n@meetup.com,XS,$25.25,Registered Nurses
277,Bonnie,Hart,Female,bhart7o@state.gov,M,$49.84,Events Coordination
278,Dorothy,Ryan,Female,dryan7p@paginegialle.it,XS,$42.20,OEM contracts
279,Judy,Wells,Female,jwells7q@mozilla.com,M,$38.76,Commercial Litigation
280,Scott,Williams,Male,swilliams7r@columbia.edu,S,$45.34,Employee Benefits
281,Sarah,Rodriguez,Female,srodriguez7s@cocolog-nifty.com,XL,$47.35,Property Management Systems
282,Roy,Harvey,Male,rharvey7t@accuweather.com,2XL,$37.66,Qt Creator
283,Rose,Garrett,Female,rgarrett7u@ow.ly,2XL,$23.39,CPR Certified
284,Gerald,Thompson,Male,gthompson7v@rediff.com,XL,$25.27,Otology
285,Terry,Nelson,Male,tnelson7w@ihg.com,XL,$43.00,CSG
286,Julia,Weaver,Female,jweaver7x@php.net,XL,$41.20,PV
287,Melissa,Williams,Female,mwilliams7y@europa.eu,XL,$28.85,Akka
288,Jesse,Flores,Male,jflores7z@google.com.au,XS,$49.99,GTM
289,Alice,Washington,Female,awashington80@amazonaws.com,3XL,$37.43,FCC
290,Roy,Mendoza,Male,rmendoza81@ezinearticles.com,L,$48.49,FTTH
291,Judy,Riley,Female,jriley82@miitbeian.gov.cn,XS,$33.78,MD&amp;A
292,Robin,Ray,Female,rray83@mapquest.com,3XL,$47.20,Oracle BPEL
293,Jennifer,West,Female,jwest84@issuu.com,3XL,$42.45,NCIDQ
294,Timothy,Lewis,Male,tlewis85@reverbnation.com,XL,$34.04,Supervisory Skills
295,Wayne,Reyes,Male,wreyes86@disqus.com,S,$39.77,Identity Theft
296,Eugene,Davis,Male,edavis87@people.com.cn,M,$36.05,QINSy
297,James,Jackson,Male,jjackson88@stanford.edu,2XL,$32.17,SBMS
298,Gregory,Pierce,Male,gpierce89@shop-pro.jp,2XL,$24.60,GSM
299,Patricia,Frazier,Female,pfrazier8a@apache.org,2XL,$48.49,IP Cameras
300,Judith,Mendoza,Female,jmendoza8b@zimbio.com,2XL,$30.51,TMF
301,Victor,Garcia,Male,vgarcia8c@livejournal.com,S,$45.43,Automation
302,Linda,Nguyen,Female,lnguyen8d@mashable.com,M,$41.80,GDI
303,Alice,Pierce,Female,apierce8e@posterous.com,XS,$29.54,IEEE 802.11
304,Virginia,Stewart,Female,vstewart8f@cocolog-nifty.com,XS,$38.57,Transportation Management
305,Brenda,Dean,Female,bdean8g@ebay.co.uk,XS,$42.59,Working at Height
306,Jane,Foster,Female,jfoster8h@instagram.com,3XL,$20.02,Gutters
307,Teresa,Johnston,Female,tjohnston8i@lulu.com,XS,$25.36,Data Quality
308,Martin,Fowler,Male,mfowler8j@ebay.co.uk,XL,$20.27,CNC Programming
309,Earl,Willis,Male,ewillis8k@paypal.com,M,$24.13,Gold
310,Marilyn,Richards,Female,mrichards8l@webmd.com,2XL,$26.41,LTD
311,Martha,Lee,Female,mlee8m@microsoft.com,XS,$48.90,CQI
312,Raymond,Berry,Male,rberry8n@e-recht24.de,2XL,$36.14,Fractional Ownership
313,Craig,King,Male,cking8o@archive.org,M,$36.87,Type Approval
314,Amy,Griffin,Female,agriffin8p@nhs.uk,3XL,$24.08,Pediatrics
315,Eugene,Mason,Male,emason8q@uol.com.br,3XL,$34.19,NMON
316,Keith,Bennett,Male,kbennett8r@scientificamerican.com,3XL,$25.74,VSA
317,Barbara,Mason,Female,bmason8s@time.com,L,$22.61,Waterfall
318,Janet,Wheeler,Female,jwheeler8t@state.tx.us,XS,$37.87,Databases
319,Kevin,Perkins,Male,kperkins8u@nature.com,2XL,$21.33,Vacation
320,Marilyn,Bradley,Female,mbradley8v@hud.gov,XS,$28.62,Android SDK
321,Ruby,Carroll,Female,rcarroll8w@redcross.org,XL,$48.27,Microsoft Word
322,Kimberly,Hunter,Female,khunter8x@google.pl,L,$38.33,Outsourcing
323,Andrea,Lee,Female,alee8y@t.co,S,$36.07,Community Organizing
324,Christina,Parker,Female,cparker8z@indiegogo.com,M,$22.94,MC2
325,Mary,Stanley,Female,mstanley90@usgs.gov,XS,$43.77,Crystal Reports
326,Ruby,Russell,Female,rrussell91@google.com.br,XS,$43.44,MMA
327,Alan,Burton,Male,aburton92@mlb.com,3XL,$37.14,Development Economics
328,Sarah,Johnston,Female,sjohnston93@vistaprint.com,3XL,$32.06,SVG
329,Lisa,Williams,Female,lwilliams94@oracle.com,S,$46.83,Digital Illustration
330,Ruth,Thomas,Female,rthomas95@ed.gov,L,$24.97,Nintendo DS
331,Amy,Rivera,Female,arivera96@zdnet.com,XL,$22.37,Embedded Software
332,Deborah,Hunter,Female,dhunter97@oakley.com,XS,$34.31,Annual Giving
333,Jesse,Moore,Male,jmoore98@microsoft.com,3XL,$25.04,System Architecture
334,Jeremy,Willis,Male,jwillis99@ucla.edu,M,$29.83,HLASM
335,Jesse,Powell,Male,jpowell9a@uiuc.edu,M,$34.14,RNP
336,Wanda,Robertson,Female,wrobertson9b@weibo.com,XS,$50.00,VB.NET
337,Mary,Scott,Female,mscott9c@exblog.jp,2XL,$47.73,HP uCMDB
338,Nicholas,Riley,Male,nriley9d@fema.gov,S,$31.60,Townhomes
339,George,Hanson,Male,ghanson9e@twitter.com,XS,$44.48,Axles
340,Harry,Garcia,Male,hgarcia9f@cloudflare.com,XS,$44.97,OLAP
341,Rachel,Garza,Female,rgarza9g@yellowpages.com,XL,$36.46,UI Automation
342,Alan,Howard,Male,ahoward9h@dyndns.org,S,$40.92,FSP
343,Justin,Washington,Male,jwashington9i@indiatimes.com,3XL,$38.27,Test Automation
344,Julie,Green,Female,jgreen9j@bloglines.com,L,$42.37,Science
345,Andrea,Black,Female,ablack9k@nationalgeographic.com,L,$28.55,Cement
346,Terry,Robinson,Male,trobinson9l@pcworld.com,M,$47.69,PPC
347,John,Gonzalez,Male,jgonzalez9m@dropbox.com,3XL,$20.05,TQC
348,Randy,Gonzalez,Male,rgonzalez9n@zdnet.com,L,$45.21,Behavior Based Safety
349,Lisa,Phillips,Female,lphillips9o@ca.gov,L,$37.86,CBI
350,Angela,Cole,Female,acole9p@walmart.com,3XL,$47.37,DITA XML
351,Christine,Warren,Female,cwarren9q@illinois.edu,XL,$31.72,RSA enVision
352,Martha,Robertson,Female,mrobertson9r@qq.com,XS,$24.72,Junior Golf
353,Jennifer,Black,Female,jblack9s@weather.com,M,$21.79,GNU
354,Randy,Cunningham,Male,rcunningham9t@mapy.cz,XS,$41.17,Political Science
355,Laura,Harvey,Female,lharvey9u@csmonitor.com,M,$28.48,JP54
356,Matthew,Ferguson,Male,mferguson9v@usda.gov,M,$44.65,McAfee
357,Rebecca,Andrews,Female,randrews9w@privacy.gov.au,L,$41.40,OTA
358,Jose,Castillo,Male,jcastillo9x@pinterest.com,L,$22.82,MSC Adams
359,Louis,Carpenter,Male,lcarpenter9y@ucoz.com,3XL,$41.24,IRS problem resolution
360,Elizabeth,Riley,Female,eriley9z@geocities.com,XS,$23.42,GWT
361,Brandon,Flores,Male,bfloresa0@psu.edu,XL,$39.81,Buyer Representation
362,Sharon,Perkins,Female,sperkinsa1@trellian.com,L,$22.28,nVision
363,Gary,Stone,Male,gstonea2@joomla.org,M,$26.34,Income Tax
364,Anthony,Carr,Male,acarra3@multiply.com,2XL,$32.14,NCARB
365,Harry,Holmes,Male,hholmesa4@nih.gov,S,$42.22,HCSS
366,Deborah,Robertson,Female,drobertsona5@parallels.com,2XL,$27.32,RED MX
367,Howard,Richardson,Male,hrichardsona6@shop-pro.jp,XS,$40.70,TKI
368,Carol,Chapman,Female,cchapmana7@sun.com,L,$49.39,CADS RC
369,Steven,Morales,Male,smoralesa8@tuttocitta.it,XS,$20.62,TUPE
370,Susan,Franklin,Female,sfranklina9@gravatar.com,S,$44.80,FNMA
371,Laura,Arnold,Female,larnoldaa@geocities.jp,3XL,$25.39,PTMS
372,Jose,Warren,Male,jwarrenab@craigslist.org,S,$46.72,Routing Protocols
373,Jose,Peters,Male,jpetersac@cafepress.com,3XL,$36.86,Natural Resources
374,Ann,Edwards,Female,aedwardsad@gravatar.com,S,$45.26,WCB
375,Linda,Hudson,Female,lhudsonae@vinaora.com,XS,$45.70,Drywall
376,Arthur,Reyes,Male,areyesaf@engadget.com,3XL,$37.70,ISO 14001
377,Carolyn,Sullivan,Female,csullivanag@ovh.net,S,$49.00,Earned Value Management
378,Donna,Lopez,Female,dlopezah@mediafire.com,XL,$37.58,Press Releases
379,Benjamin,Greene,Male,bgreeneai@house.gov,2XL,$33.08,USDA Rural Housing
380,Maria,Johnston,Female,mjohnstonaj@theguardian.com,3XL,$48.41,UAT Coordination
381,Henry,Duncan,Male,hduncanak@google.com.hk,M,$43.97,Asset Management
382,Phillip,Fowler,Male,pfowleral@symantec.com,XS,$20.48,Behavioral Health
383,Barbara,Elliott,Female,belliottam@globo.com,S,$44.44,Road
384,Albert,Fox,Male,afoxan@creativecommons.org,L,$44.18,TL9000
385,Johnny,Hawkins,Male,jhawkinsao@dedecms.com,XL,$44.23,Avaya IP Telephony
386,Bobby,Murray,Male,bmurrayap@europa.eu,2XL,$33.36,RWD Info Pak
387,Judy,Hawkins,Female,jhawkinsaq@bbc.co.uk,3XL,$41.76,JPA
388,Karen,Scott,Female,kscottar@cyberchimps.com,XS,$31.66,Team Leadership
389,Eugene,Collins,Male,ecollinsas@elegantthemes.com,2XL,$32.96,VMware Certified Professional
390,William,Fernandez,Male,wfernandezat@is.gd,2XL,$20.29,JSON-RPC
391,Patrick,Welch,Male,pwelchau@rambler.ru,S,$41.06,BJJ
392,Eric,Marshall,Male,emarshallav@tinypic.com,S,$30.57,HUET
393,Debra,Hayes,Female,dhayesaw@google.co.uk,3XL,$43.10,MPEG Streamclip
394,Thomas,Gutierrez,Male,tgutierrezax@slate.com,2XL,$27.81,Unreal Editor
395,Joyce,Mills,Female,jmillsay@arstechnica.com,3XL,$39.48,MMA
396,Alan,Little,Male,alittleaz@independent.co.uk,M,$25.91,Xbox
397,Kimberly,Cooper,Female,kcooperb0@sogou.com,L,$26.05,DITA XML
398,Billy,Cook,Male,bcookb1@admin.ch,M,$39.61,Rule Of Law
399,Harry,Collins,Male,hcollinsb2@eepurl.com,L,$22.60,Social Networking
400,Louis,Martin,Male,lmartinb3@stumbleupon.com,XL,$20.16,Basel II
401,Gloria,Ramirez,Female,gramirezb4@diigo.com,S,$33.69,TCAD
402,Frank,Murphy,Male,fmurphyb5@1und1.de,M,$48.84,Routing Protocols
403,Charles,Morales,Male,cmoralesb6@engadget.com,S,$33.20,Otoplasty
404,Janet,Hansen,Female,jhansenb7@mozilla.com,S,$35.07,Licensing
405,Betty,Richards,Female,brichardsb8@google.pl,L,$34.03,Sage ERP X3
406,Angela,Holmes,Female,aholmesb9@yahoo.co.jp,L,$48.65,FDICIA
407,Benjamin,Romero,Male,bromeroba@goodreads.com,M,$41.23,Twill
408,Earl,Brown,Male,ebrownbb@reference.com,3XL,$23.47,RIS
409,Cynthia,White,Female,cwhitebc@ihg.com,L,$28.20,SAP OM
410,Chris,Powell,Male,cpowellbd@blinklist.com,3XL,$20.90,Win CVS
411,Margaret,Lane,Female,mlanebe@weather.com,XS,$46.95,Ffmpeg
412,Willie,Washington,Male,wwashingtonbf@canalblog.com,XS,$40.47,Technical Recruiting
413,Douglas,Johnston,Male,djohnstonbg@123-reg.co.uk,XS,$45.11,ICD-9
414,Howard,Bryant,Male,hbryantbh@networkadvertising.org,S,$23.12,QPST
415,Bonnie,Grant,Female,bgrantbi@google.com.br,S,$29.43,Software Quality Assurance
416,Jeffrey,Hanson,Male,jhansonbj@last.fm,3XL,$22.54,AQL
417,Ronald,Palmer,Male,rpalmerbk@icio.us,3XL,$40.41,RMX
418,Eugene,Burton,Male,eburtonbl@amazonaws.com,S,$42.94,HBA
419,Janet,Green,Female,jgreenbm@seattletimes.com,XS,$49.39,Offshore Drilling
420,Billy,Burns,Male,bburnsbn@google.es,3XL,$20.16,Spring MVC
421,Earl,Payne,Male,epaynebo@tuttocitta.it,2XL,$47.21,IAR
422,Brian,Rodriguez,Male,brodriguezbp@fotki.com,2XL,$21.52,Tourism
423,Robin,Vasquez,Female,rvasquezbq@t.co,2XL,$42.32,Dutch
424,Rebecca,Young,Female,ryoungbr@cisco.com,XL,$32.50,MCMS
425,Evelyn,Wells,Female,ewellsbs@123-reg.co.uk,3XL,$34.33,Semantic HTML
426,Edward,Adams,Male,eadamsbt@arizona.edu,L,$32.06,Pivot Tables
427,Jerry,Banks,Male,jbanksbu@last.fm,S,$32.90,Strategic Thinking
428,Cynthia,Fowler,Female,cfowlerbv@ucsd.edu,M,$47.93,Simulations
429,Maria,Austin,Female,maustinbw@msu.edu,2XL,$36.69,Academic Tutoring
430,Cynthia,Dunn,Female,cdunnbx@privacy.gov.au,S,$28.74,Kronos
431,Marie,Harvey,Female,mharveyby@uiuc.edu,L,$36.84,Numerical Ability
432,Gloria,Brooks,Female,gbrooksbz@ycombinator.com,XS,$32.30,ECDL Certification
433,Walter,Ford,Male,wfordc0@nih.gov,3XL,$39.56,Aquatics
434,Chris,Lewis,Male,clewisc1@altervista.org,XL,$38.21,Construction Management
435,Arthur,Mcdonald,Male,amcdonaldc2@archive.org,2XL,$39.58,RF Scanners
436,Diana,Stanley,Female,dstanleyc3@gizmodo.com,XL,$28.32,Research
437,Antonio,Cunningham,Male,acunninghamc4@cbc.ca,XS,$25.99,Aircraft Systems
438,Mark,Grant,Male,mgrantc5@discovery.com,3XL,$45.73,Berkeley DB
439,Heather,Bennett,Female,hbennettc6@aboutads.info,XS,$42.27,Equity Valuation
440,Kathy,Gilbert,Female,kgilbertc7@tripadvisor.com,XS,$32.30,Youth Programs
441,Mark,Mills,Male,mmillsc8@tumblr.com,L,$49.18,Apache
442,Margaret,Wagner,Female,mwagnerc9@ask.com,3XL,$27.49,QPSK
443,Howard,Nguyen,Male,hnguyenca@deviantart.com,M,$32.27,Target Identification
444,Douglas,Nelson,Male,dnelsoncb@dailymotion.com,S,$36.75,Xen
445,Philip,Castillo,Male,pcastillocc@ebay.com,M,$25.74,HUD
446,Nicholas,Edwards,Male,nedwardscd@paginegialle.it,3XL,$28.04,Equipment Maintenance
447,Albert,Wheeler,Male,awheelerce@sakura.ne.jp,M,$35.03,CCENT
448,Michelle,Simpson,Female,msimpsoncf@amazon.co.uk,3XL,$41.35,OOS
449,Thomas,Henry,Male,thenrycg@sogou.com,M,$31.53,Observational Astronomy
450,Samuel,Lawson,Male,slawsonch@studiopress.com,L,$43.68,Algorithms
451,Clarence,Palmer,Male,cpalmerci@csmonitor.com,XL,$21.42,Benefits Negotiation
452,Gerald,Day,Male,gdaycj@stumbleupon.com,M,$34.25,Product Launch
453,Gloria,Garrett,Female,ggarrettck@opera.com,XS,$41.54,VSAM
454,Victor,Rose,Male,vrosecl@plala.or.jp,M,$46.61,LWUIT
455,Todd,Davis,Male,tdaviscm@bandcamp.com,S,$47.59,Bankruptcy
456,Judith,Green,Female,jgreencn@cornell.edu,XL,$33.75,BWA
457,Lois,Stone,Female,lstoneco@cam.ac.uk,M,$45.45,LCL
458,Judy,Shaw,Female,jshawcp@geocities.com,S,$49.52,Oracle Applications
459,Russell,Gardner,Male,rgardnercq@about.me,3XL,$30.44,DTD
460,Bruce,Reynolds,Male,breynoldscr@hao123.com,3XL,$45.10,Patents
461,Edward,Willis,Male,ewilliscs@amazon.com,L,$37.04,Application Architecture
462,Bruce,Willis,Male,bwillisct@independent.co.uk,XL,$25.24,SSIS
463,Sharon,Garcia,Female,sgarciacu@csmonitor.com,S,$33.53,RTL Verification
464,Nicholas,Griffin,Male,ngriffincv@w3.org,3XL,$42.13,XTRAC
465,Timothy,Riley,Male,trileycw@wikimedia.org,2XL,$28.46,IICRC Certifications
466,Eric,Cole,Male,ecolecx@studiopress.com,L,$32.83,Instructional Design
467,Brian,Alvarez,Male,balvarezcy@skyrock.com,XS,$36.34,Consumer Behaviour
468,Judy,Gilbert,Female,jgilbertcz@cbsnews.com,L,$25.33,TCR
469,Nicole,Anderson,Female,nandersond0@purevolume.com,M,$34.93,Yammer
470,Christine,Jacobs,Female,cjacobsd1@taobao.com,XL,$27.72,Rigging
471,Matthew,Henderson,Male,mhendersond2@hc360.com,3XL,$25.21,National Accounts
472,Rachel,Burns,Female,rburnsd3@newyorker.com,XS,$24.65,Guitar
473,Melissa,Tucker,Female,mtuckerd4@nhs.uk,S,$21.74,UG
474,Brian,Gibson,Male,bgibsond5@boston.com,2XL,$43.71,Vessel Operations
475,Kelly,Alvarez,Female,kalvarezd6@google.de,S,$29.13,Hmong
476,Harry,Griffin,Male,hgriffind7@java.com,3XL,$26.78,RTP
477,Wayne,Jones,Male,wjonesd8@goo.gl,2XL,$38.48,TCPA
478,Jerry,Jackson,Male,jjacksond9@google.es,S,$49.23,TSW
479,Wanda,Gonzalez,Female,wgonzalezda@oakley.com,S,$48.79,Zsh
480,Shawn,Ford,Male,sforddb@google.nl,M,$31.10,CFML
481,Lisa,Reed,Female,lreeddc@guardian.co.uk,M,$26.27,SNP genotyping
482,Julie,Meyer,Female,jmeyerdd@weather.com,S,$23.68,OATS
483,Doris,Hayes,Female,dhayesde@unesco.org,XS,$39.55,System Administration
484,Frances,Boyd,Female,fboyddf@artisteer.com,M,$32.04,Medical Devices
485,Julie,Knight,Female,jknightdg@twitter.com,2XL,$36.95,Zillow
486,Ronald,Reyes,Male,rreyesdh@newsvine.com,XS,$28.58,SAP SRM
487,Brenda,Fuller,Female,bfullerdi@fc2.com,2XL,$28.97,Western Europe
488,Louise,Willis,Female,lwillisdj@examiner.com,3XL,$29.11,Art Direction
489,Kevin,Johnston,Male,kjohnstondk@ameblo.jp,XS,$38.96,XCOM
490,Barbara,Howell,Female,bhowelldl@woothemes.com,L,$49.79,Venture Capital
491,Russell,Perkins,Male,rperkinsdm@fotki.com,3XL,$20.88,CFII
492,Shirley,Matthews,Female,smatthewsdn@nbcnews.com,M,$41.02,XML Databases
493,Marie,Cooper,Female,mcooperdo@wunderground.com,3XL,$23.55,MTT
494,Amy,Bishop,Female,abishopdp@mediafire.com,3XL,$37.58,Water Management
495,Chris,Fox,Male,cfoxdq@prnewswire.com,S,$42.91,NDM
496,Annie,Duncan,Female,aduncandr@t.co,3XL,$45.84,Ideas Development
497,John,Ryan,Male,jryands@ed.gov,XL,$43.23,RTOS
498,James,Carpenter,Male,jcarpenterdt@bloglines.com,3XL,$36.10,DFT
499,Robin,Hill,Female,rhilldu@house.gov,M,$46.45,JCAPS
500,David,Howell,Male,dhowelldv@macromedia.com,XS,$36.74,Adobe Creative Suite
